C0027126,TREATS,C0011185
C0027126,TREATS,CL1798953
C0027126,TREATS,C0025887
C0027126,TREATS,C3273375
C0751882,TREATS,C0001927
C0751882,TREATS,C0034261
C0751882,TREATS,C4718957
C0043459,TREATS,C0020336
C0043459,TREATS,C0008024
C0043459,TREATS,C0085994
C0043459,TREATS,C0055568
C0043459,TREATS,C0042105
C0043459,TREATS,C0178882
C0024408,TREATS,C0000477
C0024408,TREATS,C0878240
C0024408,TREATS,C1449659
C0024408,TREATS,CL1405747
C0024408,TREATS,C5139823
C0024408,TREATS,C0084707
C0024408,TREATS,C1569608
C0024408,TREATS,C0085217
C0024408,TREATS,C0700189
C0024408,TREATS,C0170531
C0024408,TREATS,C0281398
C0024408,TREATS,C0040815
C0024408,TREATS,C4519912
C1849508,TREATS,C0034272
C1849508,TREATS,C0087162
C0349653,TREATS,C0000981
C0349653,TREATS,C0017237
C0349653,TREATS,C0022949
C0349653,TREATS,C0095278
C0268465,TREATS,C0048897
C0268465,TREATS,C4281712
C0023264,TREATS,CL1382615
C0023264,TREATS,C4519255
C0878773,TREATS,C2343853
C0014544,TREATS,C0762434
C0004096,TREATS,C0016986
C0020538,TREATS,C0016986
C0020538,TREATS,C0066685
C0020538,TREATS,C0288171
C0149931,TREATS,C2933334
C0018802,TREATS,C0040869
C0018802,TREATS,C4256092
C0020538,TREATS,C0040869
C0020538,TREATS,C4256092
C0004238,TREATS,C2001572
C0004096,TREATS,C0298130
C0020538,TREATS,C0014025
C0004096,TREATS,C1707382
C0018802,TREATS,C0020273
C0007222,TREATS,C0167117
C0007222,TREATS,C0015116
C0149931,TREATS,C4519199
C0028754,TREATS,C3493586
C0007222,TREATS,C0286651
C0018802,TREATS,C0072973
C0007222,TREATS,C0075773
C0007222,TREATS,C0112160
C0007222,TREATS,C4306022
C0026896,TREATS,C4726717
C0020538,TREATS,C0293742
C0020538,TREATS,C2348066
C0028754,TREATS,C0753720
C0004096,TREATS,C1566067
C0149931,TREATS,C0759933
C0007222,TREATS,C0753183
C0026896,TREATS,C1723401
C0004096,TREATS,C4519088
C0007222,TREATS,C4305922
C0004096,TREATS,C0966225
C0004238,TREATS,C0001888
C0004238,TREATS,C0082966
C0018801,TREATS,C0012265
C0014544,TREATS,C0025629
C0004096,TREATS,C2982078
C0028754,TREATS,C4305918
C0007222,TREATS,C0042874
C0007222,TREATS,C0969677
C0007222,TREATS,C3179443
C0007222,TREATS,C4519919
C0007222,TREATS,C2825673
C0014544,TREATS,C0075262
C0007222,TREATS,C3252279
C0018802,TREATS,C0056831
C0004238,TREATS,C0016229
C0004096,TREATS,C1722260
C0004096,TREATS,C0049063
C0028754,TREATS,C0033508
C0028754,TREATS,C1456408
C0020538,TREATS,C0025696
C0004096,TREATS,C2987420
C0007222,TREATS,C4305897
C0020538,TREATS,C0136123
C0018801,TREATS,C1176308
C0020538,TREATS,C0114873
C0004096,TREATS,C0969324
C0004238,TREATS,C0054196
C0020538,TREATS,C0054196
C0028754,TREATS,C0071097
C0004096,TREATS,C0756262
C0020538,TREATS,C0005320
C0020538,TREATS,C0009014
C0020538,TREATS,C4256018
C0020538,TREATS,C1120110
C0004096,TREATS,C0002575
C0004096,TREATS,C1257689
C0028754,TREATS,C0070359
C0028754,TREATS,C4550364
C0007222,TREATS,C4519151
C0020538,TREATS,C4033637
C0018802,TREATS,C0055723
C0018802,TREATS,C0886706
C0149931,TREATS,C0033497
C0027051,TREATS,C4718986
C0004238,TREATS,C5139814
C0014544,TREATS,C0137984
C0028754,TREATS,C1957370
C0028754,TREATS,C3489605
C0007222,TREATS,C2703183
C0014544,TREATS,C2725260
C0004096,TREATS,C0015840
C0004096,TREATS,C4305981
C0014544,TREATS,C1098849
C0948089,TREATS,C3489678
C0004096,TREATS,C3491331
C0149931,TREATS,C0016295
C0149931,TREATS,C3885487
C0004238,TREATS,C0766326
C0018802,TREATS,C0054015
C0018802,TREATS,C1177218
C0007222,TREATS,C1871983
C0014544,TREATS,C0060135
C0004096,TREATS,C4519082
C0020538,TREATS,C0075007
C0014544,TREATS,C0893761
C0014544,TREATS,C1311233
C0004096,TREATS,C0914699
C0948089,TREATS,C2713495
C0149931,TREATS,C0248284
C0878773,TREATS,C0772089
C0004096,TREATS,C5139815
C0020538,TREATS,C2745423
C0014544,TREATS,C0070592
C0149931,TREATS,C0754647
C0026896,TREATS,C0002412
C0004096,TREATS,C4731000
C0018801,TREATS,C4519731
C0004096,TREATS,C0010347
C0004096,TREATS,C0086073
C0020538,TREATS,C0140591
C0020538,TREATS,C1528417
C0027051,TREATS,C0069008
C0028754,TREATS,C1958612
C0020538,TREATS,C0032613
C0020538,TREATS,C0216784
C0028754,TREATS,C4519231
C0007222,TREATS,C2745478
C0007222,TREATS,C0024027
C0027051,TREATS,C4305731
C0018801,TREATS,C4078709
C0028754,TREATS,C2981796
C0018802,TREATS,C0676838
C0004096,TREATS,C3660996
C0149931,TREATS,C4505936
C0020538,TREATS,C0041175
C0020538,TREATS,C1306531
C0948089,TREATS,C1620287
C0007222,TREATS,C4550919
C0014544,TREATS,C0070525
C0014544,TREATS,C0025381
C0018801,TREATS,C4279623
C0014544,TREATS,C0076829
C0007222,TREATS,C4043827
C0020538,TREATS,C0012022
C0004096,TREATS,C0052944
C0018801,TREATS,C0030086
C0004096,TREATS,C0022176
C0020538,TREATS,C0051696
C0028754,TREATS,C0074493
C0004096,TREATS,C0008742
C0004096,TREATS,C0008744
C0004096,TREATS,C0764105
C0014544,TREATS,C4305842
C0004096,TREATS,C0384233
C0004096,TREATS,C0526058
C0020538,TREATS,C0530859
C0026896,TREATS,C4718988
C0004096,TREATS,C3489985
C0027051,TREATS,C4305968
C0004096,TREATS,C4519131
C0004096,TREATS,C4521183
C0948089,TREATS,C4079763
C0020538,TREATS,C0766108
C0020538,TREATS,C2347779
C0020538,TREATS,C0025681
C0007222,TREATS,C4305829
C0004096,TREATS,C2714313
C0014544,TREATS,C0070072
C0004096,TREATS,C0081408
C0004096,TREATS,C4255945
C0028754,TREATS,C0031495
C0020538,TREATS,C0008294
C0149931,TREATS,C4519286
C0004238,TREATS,C3177966
C0027051,TREATS,C2934030
C0028754,TREATS,C0015827
C0020538,TREATS,C0125997
C0020538,TREATS,C4718953
C0020538,TREATS,C1958569
C0020538,TREATS,C2698290
C0020538,TREATS,C2698291
C0020538,TREATS,C0022860
C0028754,TREATS,C1436085
C0007222,TREATS,C3640935
C0018801,TREATS,C0029904
C0018801,TREATS,C4255755
C0004238,TREATS,C0029904
C0004238,TREATS,C4255755
C0004238,TREATS,C4519133
C0028754,TREATS,C0058181
C0149931,TREATS,C0058181
C0020538,TREATS,C0129341
C0948089,TREATS,C0247025
C0878773,TREATS,C0388753
C0014544,TREATS,C3713830
C0027051,TREATS,C2714531
C0027051,TREATS,C2714532
C0027051,TREATS,C4703861
C0018802,TREATS,C0246904
C0018801,TREATS,C0246904
C0948089,TREATS,C3272847
C0004096,TREATS,C0969589
C0020538,TREATS,C0083536
C0020538,TREATS,C0041964
C0007222,TREATS,C3659310
C0020538,TREATS,C0126174
C0019151,TREATS,C3490329
C0018802,TREATS,C0116190
C0014544,TREATS,C0377265
C0004238,TREATS,C0043031
C0004238,TREATS,C4292380
C0014544,TREATS,C0031507
C0028754,TREATS,C1454350
C0028754,TREATS,C2698085
C0027051,TREATS,C0042071
C0014544,TREATS,C0068897
C0028754,TREATS,C5139782
C0018802,TREATS,C4519140
C0007222,TREATS,C4520219
C0027051,TREATS,C2981297
C0018801,TREATS,C3272639
C0028754,TREATS,C1505431
C0020538,TREATS,C0086079
C0007222,TREATS,C0651474
C0028754,TREATS,C0011786
C0027051,TREATS,C0872913
C0028754,TREATS,C3253174
C0004096,TREATS,C1876199
C0004096,TREATS,C5139752
C0149931,TREATS,C2713633
C0027051,TREATS,C1258217
C0007222,TREATS,C5139761
C0020538,TREATS,C0035167
C0027051,TREATS,C0006481
C0007222,TREATS,C0006481
C0028754,TREATS,C5139783
C0028754,TREATS,C2827125
C0018801,TREATS,C2983908
C0149931,TREATS,C4694272
C0028754,TREATS,C2698841
C0020538,TREATS,C0000946
C0020538,TREATS,C0006938
C0020538,TREATS,C4255725
C0004096,TREATS,C3658667
C0020538,TREATS,C0025859
C0020538,TREATS,C0072857
C0014544,TREATS,C0244656
C0004238,TREATS,C0252416
C0018801,TREATS,C0012963
C0020538,TREATS,C0164608
C0018802,TREATS,C0076840
C0020538,TREATS,C0036193
C0007222,TREATS,C0011185
C0007222,TREATS,C0038779
C0007222,TREATS,C1999883
C0020538,TREATS,C0020223
C0020538,TREATS,C0040958
C0020538,TREATS,C0053799
C0948089,TREATS,C0078956
C0028754,TREATS,C4519749
C0018801,TREATS,C2981349
C0020538,TREATS,C2981349
C0004096,TREATS,C0907850
C0028754,TREATS,C4519248
C0020538,TREATS,C3180836
C0020538,TREATS,C4731458
C0004096,TREATS,C0303689
C0004096,TREATS,C0361485
C0007222,TREATS,C0031855
C0004238,TREATS,C2827123
C0004096,TREATS,C0104263
C0878773,TREATS,C1099677
C0149931,TREATS,C1527839
C0018801,TREATS,C0077910
C0004096,TREATS,C2935253
C0004096,TREATS,C1674632
C0004096,TREATS,C4305988
C0014544,TREATS,C1871981
C0014544,TREATS,C0002333
C0028754,TREATS,C0031411
C0018801,TREATS,C0012258
C0004096,TREATS,C0291140
C0020538,TREATS,C0076891
C0018802,TREATS,C0008273
C0027051,TREATS,C0028214
C0020538,TREATS,C0028214
C0014544,TREATS,C0213404
C0014544,TREATS,C4255605
C0007222,TREATS,C0060470
C0020538,TREATS,C0011082
C0004238,TREATS,C2742242
C0014544,TREATS,C4519099
C0028754,TREATS,C0667047
C0028754,TREATS,C4284886
C0004096,TREATS,C1722267
C0007222,TREATS,C1744040
C0020538,TREATS,C0248719
C0004096,TREATS,C4305898
C0007222,TREATS,C0060179
C0149931,TREATS,C0528166
C0004096,TREATS,C2982101
C0020538,TREATS,C1452002
C0014544,TREATS,C0006863
C0007222,TREATS,C0022026
C0149931,TREATS,C4305840
C0028754,TREATS,C1142933
C0028754,TREATS,C1869838
C0149931,TREATS,C0025842
C0149931,TREATS,C0616472
C0149931,TREATS,C0616474
C0004096,TREATS,C1869620
C0020538,TREATS,C0012373
C0004096,TREATS,C0126120
C0018801,TREATS,C3502292
C0004096,TREATS,C4305970
C0026896,TREATS,C5139924
C0149931,TREATS,C0914729
C0020538,TREATS,C0145185
C0007222,TREATS,C0916853
C0007222,TREATS,C4508850
C0007222,TREATS,C4760866
C0020538,TREATS,C0526399
C0004096,TREATS,C0666743
C0004096,TREATS,C4238106
C0004096,TREATS,C4490035
C0004096,TREATS,C4541569
C0878773,TREATS,C5139827
C0018802,TREATS,C0016860
C0018802,TREATS,C0048176
C0948089,TREATS,C2974866
C0004096,TREATS,C1450367
C0028754,TREATS,C3177688
C0020538,TREATS,C3177688
C0018801,TREATS,C0636067
C0018801,TREATS,C0961485
C0004096,TREATS,C2699952
C0020538,TREATS,C3492731
C0020538,TREATS,C5139816
C0014544,TREATS,C0069751
C0014544,TREATS,C1311053
C0020538,TREATS,C0012271
C0020538,TREATS,C0042523
C0020538,TREATS,C0076723
C0004096,TREATS,C0965618
C0020538,TREATS,C0060180
C0018802,TREATS,C0002697
C0004096,TREATS,C4279366
C0007222,TREATS,C0165703
C0020538,TREATS,C4291328
C0020538,TREATS,C4553341
C0026896,TREATS,C0013615
C0026896,TREATS,C3848530
C0018802,TREATS,C0041014
C0007222,TREATS,C2606556
C0014544,TREATS,C0055891
C0149931,TREATS,C0297635
C0004096,TREATS,C3714170
C0004096,TREATS,C0071129
C0018802,TREATS,C3641654
C0149931,TREATS,C0540623
C0028754,TREATS,C0005096
C0028754,TREATS,C0053302
C0014544,TREATS,C0028126
C0028754,TREATS,C0076275
C0014544,TREATS,C4045947
C0028754,TREATS,C0031447
C0028754,TREATS,C0724659
C0007222,TREATS,C0063828
C0007222,TREATS,C0593051
C0948089,TREATS,C0040815
C0948089,TREATS,C4519912
C0020538,TREATS,C0061938
C0020538,TREATS,C0053091
C0020538,TREATS,C0020261
C0014544,TREATS,C0041038
C0014544,TREATS,C0033148
C0014544,TREATS,C0026056
C0007222,TREATS,C3502471
C0149931,TREATS,C0055477
C0018802,TREATS,C0002238
C0018802,TREATS,C0050518
C0018802,TREATS,C0520442
C0149931,TREATS,C0012291
C0004096,TREATS,C5139802
C0149931,TREATS,C4519126
C0027051,TREATS,C2974521
C0149931,TREATS,C1744311
C0007222,TREATS,C2828245
C0018802,TREATS,C0969397
C0028754,TREATS,C1528182
C0007222,TREATS,C2825688
C0020538,TREATS,C0030812
C0018802,TREATS,C0054836
C0028754,TREATS,C4278925
C0027051,TREATS,C1999375
C0018802,TREATS,C0032912
C0020538,TREATS,C0032912
C0027051,TREATS,C0754820
C0018801,TREATS,C0166128
C0004096,TREATS,C2987011
C0018801,TREATS,C4725688
C0028754,TREATS,C0039962
C0004096,TREATS,C4305891
C0014544,TREATS,C0530684
C0007222,TREATS,C0022041
C0020538,TREATS,C0118168
C0020538,TREATS,C3713669
C0018802,TREATS,C3713669
C0004096,TREATS,C3713669
C0014544,TREATS,C0667442
C0020538,TREATS,C0026196
C0007222,TREATS,C4305741
C0020538,TREATS,C0040899
C0014544,TREATS,C4224785
C0007222,TREATS,C0063757
C0878773,TREATS,C0529351
C0004096,TREATS,C0054201
C0004096,TREATS,C1948374
C0014544,TREATS,C0031412
C0004096,TREATS,C3502025
C0018801,TREATS,C2932035
C0028754,TREATS,C4279595
C0007222,TREATS,C1620037
C0027051,TREATS,C4489760
C0020538,TREATS,C4489760
C0020538,TREATS,C3852189
C0007222,TREATS,C0049174
C0149931,TREATS,C0075632
C0020538,TREATS,C0071304
C0014544,TREATS,C5139789
C0020615,TREATS,C5139868
C0014544,TREATS,C3657549
C0027051,TREATS,C5139825
C0027051,TREATS,C5139965
C0004096,TREATS,C4076895
C0149931,TREATS,C4542165
C0011860,TREATS,C3885068
C0011860,TREATS,C4279601
C0004238,TREATS,C0002238
C0004238,TREATS,C0050518
C0004238,TREATS,C0520442
C0030567,TREATS,C1722267
C0149931,TREATS,C0023863
C0030567,TREATS,C2933912
C0028754,TREATS,C2350948
C0028754,TREATS,C4255624
C0020538,TREATS,C0055021
C0011860,TREATS,C4045234
C0242422,TREATS,C0029309
C0024117,TREATS,C0969589
C0030567,TREATS,C1098261
C0020538,TREATS,C0040209
C0004096,TREATS,C0073076
C0011860,TREATS,C0907402
C0020538,TREATS,C0753287
C0011860,TREATS,C3179549
C0004096,TREATS,C0077497
C0020538,TREATS,C0055723
C0020538,TREATS,C0886706
C0020538,TREATS,C0165703
C0004096,TREATS,C0123047
C0017205,TREATS,C3272698
C0030567,TREATS,C0673470
C0020538,TREATS,C0071132
C0020538,TREATS,C0075783
C0011860,TREATS,C3501981
C0011860,TREATS,C3490348
C0004096,TREATS,C2935023
C0011860,TREATS,C0017631
C0020538,TREATS,C0071074
C0020538,TREATS,C0886544
C0220756,TREATS,C1321596
C0011860,TREATS,C0350998
C0020538,TREATS,C0030040
C0242422,TREATS,C0031007
C0024117,TREATS,C2935023
C0011860,TREATS,C1958126
C0011860,TREATS,C2974540
C0011860,TREATS,C2983989
C0011860,TREATS,C2353951
C0011860,TREATS,C1570906
C0014544,TREATS,C0006949
C0014544,TREATS,C0030883
C0014544,TREATS,C4256112
C0020538,TREATS,C0286185
C0020538,TREATS,C0636067
C0020538,TREATS,C0961485
C0004096,TREATS,C0040864
C0030567,TREATS,C0033254
C0030567,TREATS,C0040964
C0011860,TREATS,C0061323
C0004096,TREATS,C0056391
C0004096,TREATS,C1135150
C0014544,TREATS,C0064636
C0004096,TREATS,C0025815
C0011860,TREATS,C0071097
C0948089,TREATS,C1999375
C0020538,TREATS,C0527379
C0004238,TREATS,C0012265
C0020538,TREATS,C0025854
C0004238,TREATS,C0034414
C0004238,TREATS,C4255874
C0004238,TREATS,C4255875
C0017205,TREATS,C0532578
C0242422,TREATS,C0023570
C0004096,TREATS,C0039771
C0004096,TREATS,C0304441
C0004096,TREATS,C0011777
C0038454,TREATS,C0286651
C0027051,TREATS,C0004147
C0004238,TREATS,C0116569
C0011860,TREATS,C0903898
C0020538,TREATS,C0068475
C0038454,TREATS,C0051696
C0030567,TREATS,C0002403
C0038454,TREATS,C0085542
C0494475,TREATS,C0006949
C0038454,TREATS,C0248719
C0026896,TREATS,C0034261
C0026896,TREATS,C4718957
C0002395,TREATS,C0649350
C0004238,TREATS,C0042523
C0020538,TREATS,C0015772
C0011860,TREATS,C2746078
C0027051,TREATS,C0065374
C0027051,TREATS,C2827257
C0004096,TREATS,C0066700
C0004096,TREATS,C4718959
C0020538,TREATS,C0025029
C0011860,TREATS,C0066535
C0026896,TREATS,C0027679
C0030567,TREATS,C0006982
C0030567,TREATS,C1881339
C0030567,TREATS,C0023570
C0004096,TREATS,C0032952
C0004096,TREATS,C0005308
C0270846,TREATS,C0009011
C0242422,TREATS,C0005578
C0027051,TREATS,C0025859
C0948089,TREATS,C0025859
C0004096,TREATS,C0068483
C0020538,TREATS,C0004975
C0011860,TREATS,C0040372
C0242422,TREATS,C0006982
C0242422,TREATS,C1881339
C0038454,TREATS,C0072973
C0494475,TREATS,C0031507
C0020538,TREATS,C0022265
C0242422,TREATS,C0002403
C0020538,TREATS,C0004147
C0028754,TREATS,C0008283
C0030567,TREATS,C0244821
C0020538,TREATS,C0037982
C0014544,TREATS,C0012010
C0027051,TREATS,C0005640
C0149931,TREATS,C0014710
C0020538,TREATS,C0025741
C0020538,TREATS,C3714624
C0004096,TREATS,C0032950
C0004238,TREATS,C0033497
C0020538,TREATS,C0287041
C0020538,TREATS,C0079466
C0004096,TREATS,C0028351
C0028754,TREATS,C0070549
C0014544,TREATS,C0036516
C0011860,TREATS,C1611934
C0011860,TREATS,C2699273
C0020538,TREATS,C0021186
C0020538,TREATS,C0028193
C0011860,TREATS,C0000992
C0030567,TREATS,C0005578
C0020538,TREATS,C0028005
C0948089,TREATS,C0070166
C0948089,TREATS,C4255919
C0028754,TREATS,C0012201
C0028754,TREATS,C4255869
C0002395,TREATS,C0039245
C0014544,TREATS,C0039925
C0011860,TREATS,C1456408
C0019151,TREATS,C0027603
C0019151,TREATS,C4718970
C0019151,TREATS,C4718971
C0019151,TREATS,C4718972
C0948089,TREATS,C0253563
C0948089,TREATS,C0950902
C0948089,TREATS,C4256156
C0019147,TREATS,C0027603
C0019147,TREATS,C4718970
C0019147,TREATS,C4718971
C0019147,TREATS,C4718972
C0011860,TREATS,C0025598
C0004096,TREATS,C0056387
C0004096,TREATS,C4718958
C0038454,TREATS,C0965129
C0494475,TREATS,C0033148
C0948089,TREATS,C0042523
C0020538,TREATS,C0027302
C0011860,TREATS,C0050393
C0149931,TREATS,C0004057
C0149931,TREATS,C0304348
C0149931,TREATS,C0699278
C0030567,TREATS,C1700683
C0004238,TREATS,C0033429
C0024117,TREATS,C0027235
C0024117,TREATS,C0700580
C0024117,TREATS,C3848550
C0024117,TREATS,C4703917
C0242422,TREATS,C0033254
C0242422,TREATS,C0040964
C0149931,TREATS,C0027396
C0149931,TREATS,C4255899
C0242422,TREATS,C0041009
C0019151,TREATS,C0073374
C0019151,TREATS,C4255714
C0019151,TREATS,C4255715
C0014544,TREATS,C0025382
C0014544,TREATS,C4255891
C0004096,TREATS,C0060501
C0004096,TREATS,C1646276
C0020538,TREATS,C0008273
C0011860,TREATS,C1565750
C0004238,TREATS,C0012582
C0004238,TREATS,C0114771
C0030567,TREATS,C0005098
C0002395,TREATS,C0527316
C0268490,TREATS,C0173083
C0149931,TREATS,C0762662
C0494475,TREATS,C0064636
C0030567,TREATS,C0003596
C0020538,TREATS,C0002502
C0030567,TREATS,C0165921
C0004096,TREATS,C0020268
C0004096,TREATS,C4255947
C0004096,TREATS,C4255948
C0004096,TREATS,C0053817
C0011860,TREATS,C0246689
C0494475,TREATS,C0031412
C0020538,TREATS,C0007299
C0020538,TREATS,C0144576
C0020538,TREATS,C0678133
C0038454,TREATS,C0074554
C0030567,TREATS,C0041009
C0004096,TREATS,C0039542
C0004096,TREATS,C0039543
C0751434,TREATS,C0048897
C0751434,TREATS,C4281712
C0011860,TREATS,C0008287
C0242422,TREATS,C0005098
C0011860,TREATS,C0017642
C0030567,TREATS,C0036579
C0020538,TREATS,C0076107
C0004096,TREATS,C0063077
C0007194,TREATS,C0033497
C0011860,TREATS,C0245514
C0020179,TREATS,C0039623
C0020538,TREATS,C0020273
C0270846,TREATS,C0024002
C0014544,TREATS,C0109002
C0019202,TREATS,C0030817
C0014544,TREATS,C0042291
C0014544,TREATS,C0080356
C0020538,TREATS,C0014027
C0020538,TREATS,C0886809
C0028754,TREATS,C0024977
C0030567,TREATS,C0074710
C0018790,TREATS,C0022245
C0020538,TREATS,C0072973
C0004238,TREATS,C0037707
C0004238,TREATS,C0591170
C0011860,TREATS,C0040374
C0149931,TREATS,C0031412
C0030567,TREATS,C0006230
C0004096,TREATS,C0029193
C0020538,TREATS,C0035179
C0020538,TREATS,C0033497
C0149931,TREATS,C0006644
C0149931,TREATS,C1170114
C0020538,TREATS,C0040233
C0020538,TREATS,C2983887
C0020615,TREATS,C0017687
C0020615,TREATS,C0772088
C0020615,TREATS,C0876232
C0020615,TREATS,C4256157
C0020538,TREATS,C0031937
C0020538,TREATS,C0065374
C0020538,TREATS,C2827257
C0027051,TREATS,C0031444
C0004238,TREATS,C0012373
C0020538,TREATS,C0028066
C0020538,TREATS,C0018318
C0030567,TREATS,C0246330
C0020538,TREATS,C0016860
C0020538,TREATS,C0048176
C0030567,TREATS,C0525678
C0017205,TREATS,C1321596
C0020538,TREATS,C0030557
C0004096,TREATS,C0378466
C0020538,TREATS,C0054836
C0020538,TREATS,C0028116
C0002395,TREATS,C0016967
C0027051,TREATS,C0004057
C0027051,TREATS,C0304348
C0027051,TREATS,C0699278
C0004096,TREATS,C0011705
C0020538,TREATS,C0018312
C0004238,TREATS,C0053799
C0024117,TREATS,C2934193
C0011860,TREATS,C2973895
C0024117,TREATS,C3661274
C0242422,TREATS,C0066139
C0038454,TREATS,C2974521
C0028754,TREATS,C0085208
C0028754,TREATS,C0027360
C0011860,TREATS,C3492889
C0011860,TREATS,C2933904
C0011860,TREATS,C3501434
C0011860,TREATS,C4519754
C0011860,TREATS,C2981308
C0011860,TREATS,C3272640
C0011860,TREATS,C0532578
C0011860,TREATS,C0906166
C0020538,TREATS,C2825622
C0004096,TREATS,C0069392
C0004096,TREATS,C0146337
C0020538,TREATS,C0753183
C0020538,TREATS,C0057301
C0020538,TREATS,C0078836
C0020538,TREATS,C1529293
C0011860,TREATS,C0061330
C0011860,TREATS,C0061328
C0011860,TREATS,C2607479
C0011849,TREATS,C3491971
C0020538,TREATS,C0022616
C0011849,TREATS,C0123677
C0011849,TREATS,C1170011
C0011849,TREATS,C0537270
C0011849,TREATS,C1815806
C0011860,TREATS,C0293359
C0011860,TREATS,C0982221
C0011860,TREATS,C0795635
C0011860,TREATS,C1446598
C0011860,TREATS,C1695970
C0242422,TREATS,C0031979
C0030567,TREATS,C0000378
C0011860,TREATS,C4279587
C0011849,TREATS,C1313386
C0002986,TREATS,C0754022
C0002986,TREATS,C2698220
C0030567,TREATS,C0056835
C0018802,TREATS,C0014025
C0018802,TREATS,C0014027
C0018802,TREATS,C0886809
C0020179,TREATS,C4277781
C0011860,TREATS,C4079805
C0024117,TREATS,C4519232
C0149931,TREATS,C4549503
C0149931,TREATS,C4694273
C0149931,TREATS,C4731561
C0014544,TREATS,C4550368
C0026896,TREATS,C0004482
C0024117,TREATS,C1948374
C0004238,TREATS,C0905464
C0004096,TREATS,C3661274
C0878773,TREATS,C0006050
C0878773,TREATS,C2719424
C0878773,TREATS,C2719767
C0878773,TREATS,C2930113
C0878773,TREATS,C4721552
C0878773,TREATS,C4745461
C0004238,TREATS,C1739768
C0007222,TREATS,C3529352
C0948089,TREATS,C1739768
C0020538,TREATS,C4033447
C5203670,TREATS,C0292818
C0751436,TREATS,C0048897
C0751436,TREATS,C4281712
C0026896,TREATS,C4550350
C0026896,TREATS,C4745432
C0018801,TREATS,C3502471
C0011860,TREATS,C3502471
C0028754,TREATS,C3885068
C0007222,TREATS,C0009262
C0004238,TREATS,C0070166
C0004238,TREATS,C4255919
C0002066,TREATS,C0173083
C0026896,TREATS,C0025241
C0026896,TREATS,C1513105
C0020538,TREATS,C4279743
C0020538,TREATS,C5139937
C0018802,TREATS,C0257190
C0007222,TREATS,C0257190
C0004238,TREATS,C0257190
C0007222,TREATS,C0025681
C0007222,TREATS,C0030858
C0002395,TREATS,C0039736
C0030567,TREATS,C0029309
C0002395,TREATS,C2983917
C0878544,TREATS,C2983917
C0011849,TREATS,C2699871
C0023890,TREATS,C2699871
C0023895,TREATS,C2699871
C0018802,TREATS,C1313428
C0004238,TREATS,C1313428
C0020538,TREATS,C5139866
C0020541,TREATS,C1516119
C0023895,TREATS,C1516119
C0004238,TREATS,C0041014
C0004096,TREATS,C1871120
C0007222,TREATS,C0063584
C0030567,TREATS,C4042416
C0023890,TREATS,C1135135
C0023890,TREATS,C0060926
C0023895,TREATS,C0913506
C0011168,TREATS,C0913506
C0030567,TREATS,C3490329
C0154246,TREATS,C3490329
C0007222,TREATS,C0078836
C0007222,TREATS,C1529293
C0030567,TREATS,C0000970
C0030567,TREATS,C1258986
C0030567,TREATS,C1950939
C0020538,TREATS,C0000970
C0020538,TREATS,C1258986
C0020538,TREATS,C1950939
C0027765,TREATS,C0000970
C0027765,TREATS,C1258986
C0027765,TREATS,C1950939
C0028754,TREATS,C0000970
C0028754,TREATS,C1258986
C0028754,TREATS,C1950939
C0023890,TREATS,C3852920
C0023895,TREATS,C3852920
C0007222,TREATS,C3272847
C0002395,TREATS,C0209738
C0023890,TREATS,C0209738
C0028754,TREATS,C3489855
C0004096,TREATS,C1721306
C0004096,TREATS,C4705187
C0027051,TREATS,C0026549
C0027051,TREATS,C0070108
C0018790,TREATS,C0026549
C0018790,TREATS,C0070108
C0028754,TREATS,C0026549
C0028754,TREATS,C0070108
C0023895,TREATS,C4080091
C0007222,TREATS,C0028005
C0030567,TREATS,C1434212
C0004238,TREATS,C0087163
C0018802,TREATS,C0087163
C1145670,TREATS,C0087163
C0085584,TREATS,C0087163
C0023895,TREATS,C3657824
C0004096,TREATS,C0022949
C0002395,TREATS,C0136123
C0007222,TREATS,C0136123
C0027051,TREATS,C0136123
C0162309,TREATS,C1135764
C1527231,TREATS,C1135764
C0007222,TREATS,C0766108
C0007222,TREATS,C2347779
C0002395,TREATS,C2827343
C0004238,TREATS,C0766193
C0023890,TREATS,C0036773
C0023890,TREATS,C0304925
C0023890,TREATS,C4703827
C1527231,TREATS,C0036773
C1527231,TREATS,C0304925
C1527231,TREATS,C4703827
C0002395,TREATS,C0036773
C0002395,TREATS,C0304925
C0002395,TREATS,C4703827
C0027051,TREATS,C0013090
C0027051,TREATS,C2699808
C0002395,TREATS,C0013090
C0002395,TREATS,C2699808
C0030567,TREATS,C0013090
C0030567,TREATS,C2699808
C0030567,TREATS,C0377265
C0494475,TREATS,C0377265
C0002395,TREATS,C0377265
C0018799,TREATS,C0209368
C0007222,TREATS,C0209368
C0026896,TREATS,C0209368
C0020538,TREATS,C0209368
C0023895,TREATS,C0209368
C0007222,TREATS,C0068475
C0028754,TREATS,C0078844
C0030567,TREATS,C0078844
C0028754,TREATS,C0072953
C0023895,TREATS,C4525950
C0020538,TREATS,C0090306
C0442874,TREATS,C1533126
C0027051,TREATS,C0038418
C0018802,TREATS,C0288171
C0004238,TREATS,C0288171
C0007222,TREATS,C0288171
C0002395,TREATS,C0014695
C0028754,TREATS,C0014695
C0004096,TREATS,C0014695
C0011849,TREATS,C0014695
C0018802,TREATS,C0252643
C0018802,TREATS,C2825457
C0020538,TREATS,C0252643
C0020538,TREATS,C2825457
C0023890,TREATS,C0252643
C0023890,TREATS,C2825457
C0004096,TREATS,C0252643
C0004096,TREATS,C2825457
C0011849,TREATS,C0252643
C0011849,TREATS,C2825457
C0028754,TREATS,C0537551
C0011849,TREATS,C0537551
C0004096,TREATS,C0001275
C0004096,TREATS,C0007009
C0004096,TREATS,C0937607
C0085584,TREATS,C0001275
C0085584,TREATS,C0007009
C0085584,TREATS,C0937607
C0004096,TREATS,C2353893
C0023895,TREATS,C2930762
C0004096,TREATS,C0027302
C0027051,TREATS,C0027302
C0007222,TREATS,C0027302
C0002395,TREATS,C5139678
C0002395,TREATS,C5139940
C0011849,TREATS,C0040374
C0028754,TREATS,C0063491
C0002395,TREATS,C3489899
C0002395,TREATS,C1567753
C0007222,TREATS,C0045283
C0018802,TREATS,C0000981
C0004096,TREATS,C1700750
C0027051,TREATS,C0025887
C2931688,TREATS,C0025887
C0030567,TREATS,C0649350
C0007222,TREATS,C2827241
C0004238,TREATS,C0063479
C0004096,TREATS,C1174893
C0011849,TREATS,C0907402
C0020538,TREATS,C0907402
C0027051,TREATS,C0907402
C0028754,TREATS,C0074393
C0020179,TREATS,C0074393
C0524851,TREATS,C1722267
C0002395,TREATS,C1722267
C1961835,TREATS,C0291140
C0268251,TREATS,C0291140
C0017205,TREATS,C0291140
C0023890,TREATS,C0011777
C0027765,TREATS,C0011777
C0011168,TREATS,C0011777
C0018802,TREATS,C0011777
C0020538,TREATS,C0011777
C0030567,TREATS,C0006462
C0030567,TREATS,C0017817
C0030567,TREATS,C0034917
C0442874,TREATS,C0017817
C0442874,TREATS,C0034917
C0018790,TREATS,C0006686
C0018790,TREATS,C3645709
C0030567,TREATS,C0034261
C0030567,TREATS,C4718957
C0011849,TREATS,C0034261
C0011849,TREATS,C4718957
C0007222,TREATS,C0075783
C0023895,TREATS,C4287775
C0004096,TREATS,C0213771
C0007222,TREATS,C0064568
C0020538,TREATS,C0064568
C0020615,TREATS,C0533545
C0011849,TREATS,C0004147
C0018799,TREATS,C0004147
C0007222,TREATS,C0004147
C0004238,TREATS,C0004147
C0002395,TREATS,C0054173
C0020541,TREATS,C2699393
C0011849,TREATS,C0293359
C0011849,TREATS,C0982221
C0011849,TREATS,C1307704
C0007222,TREATS,C0009014
C0007222,TREATS,C4256018
C0020538,TREATS,C0126774
C0002395,TREATS,C0006230
C0028754,TREATS,C0006230
C0030567,TREATS,C4519221
C0007222,TREATS,C0033215
C0007222,TREATS,C0700784
C0007222,TREATS,C4255649
C0007222,TREATS,C4255650
C0004096,TREATS,C0254119
C0004096,TREATS,C0982234
C0002395,TREATS,C0254119
C0002395,TREATS,C0982234
C0030567,TREATS,C0076107
C0011849,TREATS,C0040165
C0031485,TREATS,C0048897
C0031485,TREATS,C4281712
C0020538,TREATS,C0048897
C0020538,TREATS,C4281712
C0751435,TREATS,C0048897
C0751435,TREATS,C4281712
C0002395,TREATS,C0048897
C0002395,TREATS,C4281712
C0020541,TREATS,C0048897
C0020541,TREATS,C4281712
C0023890,TREATS,C0048897
C0023890,TREATS,C4281712
C0948089,TREATS,C3529352
C0027051,TREATS,C3529352
C0004096,TREATS,C4519169
C0023895,TREATS,C4519290
C0030567,TREATS,C2744234
C0002395,TREATS,C4305933
C0004238,TREATS,C3489971
C0948089,TREATS,C3489971
C0030567,TREATS,C0028040
C0030567,TREATS,C0068722
C0030567,TREATS,C4490579
C0004096,TREATS,C0025819
C0007222,TREATS,C0005320
C0023895,TREATS,C4055478
C0023895,TREATS,C3896940
C0011849,TREATS,C4045234
C0002395,TREATS,C4307343
C0028754,TREATS,C0041485
C0020538,TREATS,C2746078
C0011849,TREATS,C2746078
C0002986,TREATS,C4520219
C0011849,TREATS,C4520219
C0002395,TREATS,C4519111
C0002395,TREATS,C1099456
C0002395,TREATS,C0074214
C0011849,TREATS,C4519094
C0007222,TREATS,C0040108
C0007222,TREATS,C0286185
C0027051,TREATS,C1739768
C0018799,TREATS,C1739768
C0023890,TREATS,C1739768
C0028754,TREATS,C1873177
C0011849,TREATS,C0061328
C0007222,TREATS,C0029904
C0007222,TREATS,C4255755
C0030567,TREATS,C0035608
C0011849,TREATS,C0035608
C0002395,TREATS,C0035608
C0011849,TREATS,C1541483
C0026896,TREATS,C1541483
C0020538,TREATS,C4507232
C0026896,TREATS,C0063041
C0030567,TREATS,C0002421
C0017205,TREATS,C0002421
C0027051,TREATS,C0020934
C0027051,TREATS,C4082435
C0002395,TREATS,C0132512
C0007222,TREATS,C0132512
C0011849,TREATS,C3179549
C0023895,TREATS,C2827667
C0442874,TREATS,C2350948
C0442874,TREATS,C4255624
C0023895,TREATS,C2350948
C0023895,TREATS,C4255624
C0007222,TREATS,C2350948
C0007222,TREATS,C4255624
C0026848,TREATS,C0010583
C0026848,TREATS,C1880207
C0026896,TREATS,C0010583
C0026896,TREATS,C1880207
C0023521,TREATS,C0010583
C0023521,TREATS,C1880207
C0017205,TREATS,C0010583
C0017205,TREATS,C1880207
C0007222,TREATS,C0014563
C0007222,TREATS,C4255548
C0004096,TREATS,C0014563
C0004096,TREATS,C4255548
C0011849,TREATS,C0014563
C0011849,TREATS,C4255548
C0018790,TREATS,C0014563
C0018790,TREATS,C4255548
C0004096,TREATS,C2987603
C0004096,TREATS,C4719632
C0007222,TREATS,C0528023
C0007194,TREATS,C0031013
C0007222,TREATS,C0031013
C0007222,TREATS,C0526399
C0023895,TREATS,C4053698
C0004096,TREATS,C5139827
C0028754,TREATS,C0007546
C0028754,TREATS,C0700930
C0011849,TREATS,C0017628
C0004096,TREATS,C3529991
C0007222,TREATS,C0025696
C1145670,TREATS,C0076195
C0004238,TREATS,C1433124
C0004238,TREATS,C1571583
C0524851,TREATS,C4521177
C0524851,TREATS,C4742689
C0002395,TREATS,C4521177
C0002395,TREATS,C4742689
C0020538,TREATS,C0650263
C0004238,TREATS,C4519151
C0011849,TREATS,C0008287
C0007222,TREATS,C0026400
C1145670,TREATS,C0020336
C0002395,TREATS,C0074710
C0007222,TREATS,C0028094
C0030567,TREATS,C2698875
C0023895,TREATS,C2698875
C0020538,TREATS,C0257343
C0018802,TREATS,C0020223
C0002395,TREATS,C0020223
C0018799,TREATS,C0020223
C0018802,TREATS,C0022252
C0007222,TREATS,C0022252
C0023895,TREATS,C4519536
C0011849,TREATS,C0071097
C0002395,TREATS,C0071097
C0023895,TREATS,C0071097
C1527231,TREATS,C0071097
C0162309,TREATS,C0071097
C0020538,TREATS,C0071097
C0004096,TREATS,C0071097
C0007222,TREATS,C0071097
C0030567,TREATS,C0071097
C0020538,TREATS,C0011701
C0020538,TREATS,C0701195
C0002395,TREATS,C2983948
C0878544,TREATS,C2983948
C0030567,TREATS,C2698167
C0007194,TREATS,C4742219
C0023895,TREATS,C2987648
C0030567,TREATS,C0023863
C0018802,TREATS,C2975517
C0023895,TREATS,C2975517
C0028754,TREATS,C0025859
C0007222,TREATS,C0025859
C0004238,TREATS,C0025859
C0018799,TREATS,C0025859
C0018802,TREATS,C0025859
C0007194,TREATS,C0025859
C0023895,TREATS,C1831905
C0023890,TREATS,C1831905
C0878544,TREATS,C0001443
C0027051,TREATS,C0001443
C0004238,TREATS,C0001443
C0007222,TREATS,C0001443
C0011849,TREATS,C1875875
C0027051,TREATS,C1875875
C0007222,TREATS,C0037707
C0007222,TREATS,C0591170
C0027051,TREATS,C0037707
C0027051,TREATS,C0591170
C0011849,TREATS,C0066535
C0002986,TREATS,C0022005
C0030567,TREATS,C0041190
C0004238,TREATS,C2932026
C0030567,TREATS,C2827256
C0028754,TREATS,C2353951
C0004238,TREATS,C2353951
C0027051,TREATS,C2353951
C0011849,TREATS,C2353951
C0002395,TREATS,C2353951
C0023895,TREATS,C0383429
C0011849,TREATS,C0050393
C0025517,TREATS,C0050393
C0028754,TREATS,C0050393
C0020538,TREATS,C0050393
C0028754,TREATS,C0005059
C0004096,TREATS,C0005059
C0023895,TREATS,C3852684
C0002395,TREATS,C4519179
C0023895,TREATS,C2983812
C0007222,TREATS,C0051696
C0023895,TREATS,C0051696
C0018802,TREATS,C0051696
C0027051,TREATS,C0051696
C0011849,TREATS,C0051696
C0018799,TREATS,C0051696
C0007194,TREATS,C0051696
C0018802,TREATS,C1176316
C0028754,TREATS,C1176316
C0020538,TREATS,C1176316
C0026850,TREATS,C1176316
C0020615,TREATS,C0012022
C0028754,TREATS,C0012022
C0028754,TREATS,C0078794
C0028754,TREATS,C2700331
C0011849,TREATS,C0245514
C0030567,TREATS,C0066139
C0023895,TREATS,C4519269
C0023521,TREATS,C0006463
C0017205,TREATS,C0006463
C0019247,TREATS,C0006463
C0028754,TREATS,C0028193
C0018802,TREATS,C0028193
C0027051,TREATS,C0028193
C0007222,TREATS,C0028193
C1961835,TREATS,C4278516
C1961835,TREATS,C4726953
C0002986,TREATS,C4278516
C0002986,TREATS,C4726953
C0030567,TREATS,C4278516
C0030567,TREATS,C4726953
C0268251,TREATS,C4278516
C0268251,TREATS,C4726953
C0007222,TREATS,C0002238
C0007222,TREATS,C0050518
C0007222,TREATS,C0520442
C0018802,TREATS,C0166128
C0020538,TREATS,C0249529
C0007222,TREATS,C0249529
C0002395,TREATS,C3501232
C0011849,TREATS,C0000992
C0028754,TREATS,C0008405
C0028754,TREATS,C4256151
C0028754,TREATS,C4256152
C0011849,TREATS,C2827195
C0948089,TREATS,C2974521
C0020179,TREATS,C1741584
C0030567,TREATS,C1741584
C0002395,TREATS,C0040805
C0023895,TREATS,C4317559
C0023895,TREATS,C1664205
C0023890,TREATS,C0056732
C0020541,TREATS,C0037659
C0020615,TREATS,C0037659
C0030567,TREATS,C0967014
C0023895,TREATS,C0027348
C0002395,TREATS,C4519302
C0442874,TREATS,C0069717
C0023895,TREATS,C0069717
C0028754,TREATS,C0042313
C0085584,TREATS,C1506770
C0030567,TREATS,C0030775
C0030567,TREATS,C0032479
C0030567,TREATS,C0032483
C0030567,TREATS,C0724672
C0028754,TREATS,C0030775
C0028754,TREATS,C0032479
C0028754,TREATS,C0032483
C0028754,TREATS,C0724672
C0007222,TREATS,C0036079
C0948089,TREATS,C0036079
C0011849,TREATS,C0084454
C0028754,TREATS,C0937609
C0028754,TREATS,C1527152
C0004096,TREATS,C0055860
C0004096,TREATS,C0110038
C0028754,TREATS,C0055860
C0028754,TREATS,C0110038
C1145670,TREATS,C0025153
C0004096,TREATS,C0017890
C0004096,TREATS,C4256149
C0020538,TREATS,C0017890
C0020538,TREATS,C4256149
C0002395,TREATS,C0017890
C0002395,TREATS,C4256149
C0018802,TREATS,C0012963
C0007222,TREATS,C0012963
C0030567,TREATS,C0008932
C0023895,TREATS,C4287799
C0030567,TREATS,C0285984
C0162671,TREATS,C0012066
C0162671,TREATS,C0600203
C0023895,TREATS,C3492731
C0023895,TREATS,C5139816
C0004096,TREATS,C0001927
C0007222,TREATS,C0001927
C1145670,TREATS,C0001927
C0018802,TREATS,C0001927
C0011849,TREATS,C0001927
C0023895,TREATS,C5139788
C0023895,TREATS,C5139949
C0023890,TREATS,C0165032
C0018799,TREATS,C0246631
C0028754,TREATS,C0033126
C0004096,TREATS,C5139808
C0011849,TREATS,C0350998
C0011849,TREATS,C4279601
C0002395,TREATS,C0525678
C0007222,TREATS,C0065374
C0007222,TREATS,C2827257
C0011849,TREATS,C0065374
C0011849,TREATS,C2827257
C0018802,TREATS,C0065374
C0018802,TREATS,C2827257
C0002395,TREATS,C0021547
C0002395,TREATS,C4691409
C0011849,TREATS,C0033228
C0020179,TREATS,C0033228
C0007222,TREATS,C0033228
C0025517,TREATS,C0033228
C0028754,TREATS,C0033228
C0020538,TREATS,C0033228
C0020538,TREATS,C0137996
C0027051,TREATS,C4033447
C0007194,TREATS,C4033447
C0018802,TREATS,C4033447
C0007222,TREATS,C0905464
C0027051,TREATS,C0033429
C0007222,TREATS,C0011689
C0948089,TREATS,C1121991
C0027051,TREATS,C1121991
C0020538,TREATS,C0022251
C0004238,TREATS,C0004057
C0004238,TREATS,C0304348
C0004238,TREATS,C0699278
C0004096,TREATS,C0004057
C0004096,TREATS,C0304348
C0004096,TREATS,C0699278
C0020538,TREATS,C0004057
C0020538,TREATS,C0304348
C0020538,TREATS,C0699278
C0018799,TREATS,C0004057
C0018799,TREATS,C0304348
C0018799,TREATS,C0699278
C0011849,TREATS,C0004057
C0011849,TREATS,C0304348
C0011849,TREATS,C0699278
C0007222,TREATS,C0004057
C0007222,TREATS,C0304348
C0007222,TREATS,C0699278
C0007194,TREATS,C0004057
C0007194,TREATS,C0304348
C0007194,TREATS,C0699278
C1145670,TREATS,C0004057
C1145670,TREATS,C0304348
C1145670,TREATS,C0699278
C0948089,TREATS,C0004057
C0948089,TREATS,C0304348
C0948089,TREATS,C0699278
C0442874,TREATS,C0016360
C0002395,TREATS,C3273375
C2931688,TREATS,C3273375
C0004096,TREATS,C0079594
C0018790,TREATS,C0079594
C0027051,TREATS,C0079594
C0007222,TREATS,C0005330
C0030567,TREATS,C3273827
C0442874,TREATS,C4284401
C0007222,TREATS,C0028127
C0020538,TREATS,C0028127
C0028754,TREATS,C0076829
C0030567,TREATS,C0076829
C0011849,TREATS,C0076829
C0023895,TREATS,C0076829
C0020538,TREATS,C0076829
C0027051,TREATS,C0937858
C0027051,TREATS,C0068700
C0007222,TREATS,C0068700
C0023895,TREATS,C1530889
C0011849,TREATS,C0002600
C0002395,TREATS,C0085208
C0020179,TREATS,C0085208
C0019202,TREATS,C0085208
C0018802,TREATS,C2607479
C0011849,TREATS,C2607479
C0011849,TREATS,C0114873
C0027051,TREATS,C0114873
C0018799,TREATS,C0114873
C0027051,TREATS,C0032825
C0027051,TREATS,C4255914
C0020538,TREATS,C0032825
C0020538,TREATS,C4255914
C0018799,TREATS,C0032825
C0018799,TREATS,C4255914
C0018802,TREATS,C0032825
C0018802,TREATS,C4255914
C0007222,TREATS,C3491162
C0011849,TREATS,C3491162
C0018799,TREATS,C0358606
C0018799,TREATS,C0982025
C0007222,TREATS,C0358606
C0007222,TREATS,C0982025
C0011849,TREATS,C0017642
C0002395,TREATS,C1569605
C0023895,TREATS,C5139778
C0023890,TREATS,C0020261
C0007222,TREATS,C0020261
C0011849,TREATS,C0020261
C0027051,TREATS,C0020261
C0018802,TREATS,C0020261
C0028754,TREATS,C0006675
C0018799,TREATS,C0006675
C0020538,TREATS,C0006675
C0030567,TREATS,C0006675
C0878544,TREATS,C0004482
C0020538,TREATS,C1704271
C0004096,TREATS,C1704271
C0023895,TREATS,C4682397
C0007222,TREATS,C0380393
C0085584,TREATS,C0671970
C0018790,TREATS,C0020268
C0018790,TREATS,C4255947
C0018790,TREATS,C4255948
C0004238,TREATS,C0020268
C0004238,TREATS,C4255947
C0004238,TREATS,C4255948
C0027051,TREATS,C0020268
C0027051,TREATS,C4255947
C0027051,TREATS,C4255948
C0028754,TREATS,C0020268
C0028754,TREATS,C4255947
C0028754,TREATS,C4255948
C0023890,TREATS,C0020268
C0023890,TREATS,C4255947
C0023890,TREATS,C4255948
C0023895,TREATS,C3640966
C0011849,TREATS,C1690432
C0030567,TREATS,C3529928
C0007222,TREATS,C0022860
C0004096,TREATS,C5139809
C0004096,TREATS,C5139952
C0004096,TREATS,C0677829
C0085584,TREATS,C0113293
C0018799,TREATS,C0113293
C0028754,TREATS,C0113293
C0004238,TREATS,C0113293
C0002395,TREATS,C0113293
C0020538,TREATS,C0113293
C1145670,TREATS,C0113293
C0018799,TREATS,C0074722
C0028754,TREATS,C1700695
C0004238,TREATS,C1098510
C0948089,TREATS,C1098510
C1145670,TREATS,C1098510
C0018802,TREATS,C0028158
C0023895,TREATS,C0673815
C0002395,TREATS,C1138502
C0030567,TREATS,C1138502
C0023895,TREATS,C4287804
C0162671,TREATS,C0123163
C0020179,TREATS,C0123163
C0028754,TREATS,C0011479
C0028754,TREATS,C0086123
C0020538,TREATS,C2348069
C0007222,TREATS,C0253563
C0007222,TREATS,C0950902
C0007222,TREATS,C4256156
C0027051,TREATS,C0253563
C0027051,TREATS,C0950902
C0027051,TREATS,C4256156
C0007222,TREATS,C0172021
C0011849,TREATS,C0030106
C0007222,TREATS,C0026078
C0002395,TREATS,C4279585
C0028754,TREATS,C0033209
C0007222,TREATS,C0027996
C0948089,TREATS,C0027996
C0027051,TREATS,C0027996
C0028754,TREATS,C0027996
C0020538,TREATS,C0021252
C0028754,TREATS,C2346454
C0011849,TREATS,C2981308
C0004238,TREATS,C0025598
C0011849,TREATS,C0025598
C0948089,TREATS,C0025598
C0028754,TREATS,C0025598
C0020538,TREATS,C0025598
C0026850,TREATS,C0025598
C0020179,TREATS,C0025598
C0025517,TREATS,C0025598
C0442874,TREATS,C0025598
C0007222,TREATS,C0025598
C0004096,TREATS,C4079854
C0023895,TREATS,C4079854
C0004238,TREATS,C0001962
C0020538,TREATS,C0001962
C0023890,TREATS,C0001962
C0028754,TREATS,C0001962
C0020538,TREATS,C0017887
C0020538,TREATS,C4255956
C0007222,TREATS,C0017887
C0007222,TREATS,C4255956
C0018802,TREATS,C0017887
C0018802,TREATS,C4255956
C0027051,TREATS,C0017887
C0027051,TREATS,C4255956
C0018799,TREATS,C0035179
C0002395,TREATS,C0022154
C0948089,TREATS,C0541315
C0004096,TREATS,C0065180
C0027051,TREATS,C0034414
C0027051,TREATS,C4255874
C0027051,TREATS,C4255875
C1145670,TREATS,C0385603
C1145670,TREATS,C1609686
C0011849,TREATS,C0031404
C0018790,TREATS,C0209337
C0023895,TREATS,C4278675
C0007222,TREATS,C0053185
C0011849,TREATS,C0245561
C0011849,TREATS,C4256038
C0030567,TREATS,C0245561
C0030567,TREATS,C4256038
C0442874,TREATS,C0245561
C0442874,TREATS,C4256038
C0018799,TREATS,C0010592
C0011849,TREATS,C0010592
C0018790,TREATS,C0010592
C0027051,TREATS,C0010592
C0023895,TREATS,C0010592
C0442874,TREATS,C0144576
C0442874,TREATS,C0678133
C0002395,TREATS,C0074281
C0007222,TREATS,C0028351
C0028754,TREATS,C0028351
C0018799,TREATS,C0028351
C0011849,TREATS,C3852688
C0028754,TREATS,C3658555
C0019202,TREATS,C0012384
C0004096,TREATS,C0126791
C0004096,TREATS,C0026187
C0004096,TREATS,C3281328
C0030567,TREATS,C0026187
C0030567,TREATS,C3281328
C0004238,TREATS,C0026187
C0004238,TREATS,C3281328
C0020179,TREATS,C0026187
C0020179,TREATS,C3281328
C0020538,TREATS,C0026187
C0020538,TREATS,C3281328
C0002395,TREATS,C0086244
C0002395,TREATS,C4548848
C0023895,TREATS,C0000545
C0028754,TREATS,C0000545
C0004096,TREATS,C0000545
C0007222,TREATS,C0000545
C0007222,TREATS,C0020273
C0028754,TREATS,C0073983
C0002395,TREATS,C0073983
C0011849,TREATS,C0073983
C0030567,TREATS,C0077163
C0030567,TREATS,C0005014
C0023895,TREATS,C4519428
C0018802,TREATS,C0252416
C0023895,TREATS,C3501358
C0023895,TREATS,C0031447
C0023895,TREATS,C0724659
C0011849,TREATS,C0031447
C0011849,TREATS,C0724659
C0023895,TREATS,C5139764
C0023895,TREATS,C5139946
C0030567,TREATS,C5139764
C0030567,TREATS,C5139946
C0004096,TREATS,C0717758
C0004096,TREATS,C4291381
C0004096,TREATS,C4542001
C0004096,TREATS,C5135562
C0002395,TREATS,C0717758
C0002395,TREATS,C4291381
C0002395,TREATS,C4542001
C0002395,TREATS,C5135562
C0026896,TREATS,C1609165
C0017205,TREATS,C1451975
C0007222,TREATS,C0118168
C0018799,TREATS,C0118168
C0027051,TREATS,C0247025
C1145670,TREATS,C0247025
C0007222,TREATS,C2825622
C0011849,TREATS,C0351000
C0004096,TREATS,C4550339
C0085584,TREATS,C0025872
C0002395,TREATS,C5139832
C0028754,TREATS,C0000578
C0028754,TREATS,C4083155
C0020538,TREATS,C0005324
C0023895,TREATS,C3661282
C0494475,TREATS,C2698764
C0030567,TREATS,C2698764
C0027051,TREATS,C0006657
C0027051,TREATS,C2713074
C1145670,TREATS,C0026056
C0028754,TREATS,C0026056
C0002395,TREATS,C0026056
C0030567,TREATS,C0026056
C0007222,TREATS,C0026056
C0023890,TREATS,C0026056
C0027765,TREATS,C0026056
C0020538,TREATS,C0026056
C0002395,TREATS,C0298130
C0004096,TREATS,C0937846
C0026896,TREATS,C0120446
C0007222,TREATS,C0071132
C0007222,TREATS,C0246904
C0023895,TREATS,C2828290
C0004238,TREATS,C0000956
C0023895,TREATS,C0025646
C0018802,TREATS,C0015840
C0878544,TREATS,C0032952
C0268250,TREATS,C0032952
C0018799,TREATS,C0032952
C0026896,TREATS,C0032952
C0017205,TREATS,C0032952
C0002395,TREATS,C0032952
C0030567,TREATS,C0032952
C0018802,TREATS,C0032952
C0023895,TREATS,C0673857
C0023895,TREATS,C0963398
C0020538,TREATS,C0039350
C0019880,TREATS,C0039350
C0011849,TREATS,C3501981
C0023895,TREATS,C3501981
C0023895,TREATS,C1619629
C0004096,TREATS,C0050465
C0007222,TREATS,C0050465
C0007222,TREATS,C0072591
C0023890,TREATS,C0059438
C0030567,TREATS,C0059438
C0020179,TREATS,C0059438
C0002395,TREATS,C0059438
C0004096,TREATS,C4045579
C0002395,TREATS,C1700683
C0442874,TREATS,C0073379
C0020179,TREATS,C0073379
C0004238,TREATS,C0073379
C0087012,TREATS,C0073379
C0002395,TREATS,C0073379
C0027051,TREATS,C0009002
C0027051,TREATS,C4085891
C0007222,TREATS,C0009002
C0007222,TREATS,C4085891
C0018799,TREATS,C0030883
C0018799,TREATS,C4256112
C0023895,TREATS,C4519537
C0023895,TREATS,C4723629
C0030567,TREATS,C2826084
C0002395,TREATS,C2826084
C0002395,TREATS,C5139761
C0011849,TREATS,C0040372
C0002395,TREATS,C0025810
C0030567,TREATS,C0025810
C0002395,TREATS,C0672708
C0085584,TREATS,C0672708
C0018799,TREATS,C0039840
C0085584,TREATS,C0039840
C0020179,TREATS,C0039840
C1145670,TREATS,C0039840
C0018790,TREATS,C0039840
C0001125,TREATS,C0039840
C0007222,TREATS,C0025575
C0007222,TREATS,C0012498
C0002395,TREATS,C0058188
C0020179,TREATS,C0058188
C0020538,TREATS,C0066837
C0018799,TREATS,C0066837
C0004096,TREATS,C2699287
C0004238,TREATS,C0966370
C0004096,TREATS,C0245109
C0011849,TREATS,C0245109
C0020615,TREATS,C0245109
C0004096,TREATS,C2981360
C0007222,TREATS,C0128513
C0007222,TREATS,C0056831
C0018802,TREATS,C0021186
C0007222,TREATS,C0021186
C0268542,TREATS,C0142785
C0268542,TREATS,C0887700
C0018802,TREATS,C0291216
C0007222,TREATS,C0004975
C0030567,TREATS,C1451920
C0023895,TREATS,C3818721
C0002395,TREATS,C3501400
C0007222,TREATS,C0032896
C0004096,TREATS,C0024730
C0004238,TREATS,C2348066
C0011849,TREATS,C0037982
C0004238,TREATS,C0037982
C0007222,TREATS,C0037982
C0023890,TREATS,C0037982
C0018802,TREATS,C0037982
C0027051,TREATS,C0037982
C0030567,TREATS,C0043832
C0023895,TREATS,C4519206
C0002395,TREATS,C0077030
C0020538,TREATS,C0032821
C0004096,TREATS,C0935989
C0023890,TREATS,C0935989
C0268250,TREATS,C0072980
C0017205,TREATS,C0072980
C0030567,TREATS,C0072980
C0007222,TREATS,C0072980
C0020538,TREATS,C0072980
C0011849,TREATS,C0012265
C0018802,TREATS,C0012265
C0007222,TREATS,C0012265
C0023895,TREATS,C4550368
C0030567,TREATS,C0246689
C0020538,TREATS,C0246689
C0011849,TREATS,C0246689
C0002986,TREATS,C0002268
C0002986,TREATS,C0962517
C0002986,TREATS,C1137427
C0011849,TREATS,C0030054
C0011849,TREATS,C0058347
C0011849,TREATS,C0302920
C0011849,TREATS,C0350411
C0085584,TREATS,C0030054
C0085584,TREATS,C0058347
C0085584,TREATS,C0302920
C0085584,TREATS,C0350411
C0007222,TREATS,C0031448
C0028754,TREATS,C0031448
C0020615,TREATS,C0031448
C0023895,TREATS,C3886763
C0011849,TREATS,C0017631
C0002395,TREATS,C1506802
C0002395,TREATS,C0036720
C0007222,TREATS,C0010525
C0028754,TREATS,C2827296
C0004096,TREATS,C0019588
C0030567,TREATS,C1312149
C0020179,TREATS,C0171023
C0023890,TREATS,C0966107
C0023895,TREATS,C0966107
C0007222,TREATS,C0966107
C0027051,TREATS,C0527379
C0018802,TREATS,C0527379
C0011849,TREATS,C0527379
C0007222,TREATS,C0527379
C0007222,TREATS,C5139708
C0007222,TREATS,C4078709
C0004096,TREATS,C0008318
C0028754,TREATS,C0008318
C0011849,TREATS,C0008318
C1145670,TREATS,C0008318
C0030567,TREATS,C0008318
C0007222,TREATS,C0008318
C0162309,TREATS,C0008318
C0002395,TREATS,C4519141
C0002395,TREATS,C0299792
C0004096,TREATS,C0085173
C0023890,TREATS,C0016860
C0023890,TREATS,C0048176
C0011849,TREATS,C0016860
C0011849,TREATS,C0048176
C0007222,TREATS,C0016860
C0007222,TREATS,C0048176
C0018802,TREATS,C0006376
C0007222,TREATS,C0006376
C0027051,TREATS,C0288672
C0002395,TREATS,C1327754
C0028754,TREATS,C0034417
C0028754,TREATS,C0909862
C0028754,TREATS,C0961965
C0023895,TREATS,C0909862
C0023895,TREATS,C0961965
C0011849,TREATS,C0065864
C0020538,TREATS,C0065864
C0002395,TREATS,C0065864
C0018799,TREATS,C0065864
C0948089,TREATS,C1569608
C0030567,TREATS,C1569608
C0002395,TREATS,C1569608
C0011849,TREATS,C3492889
C0020538,TREATS,C0886584
C0028754,TREATS,C0002645
C0028754,TREATS,C2828282
C0004096,TREATS,C0002645
C0004096,TREATS,C2828282
C0007222,TREATS,C0022245
C0018802,TREATS,C0022245
C0004238,TREATS,C0022245
C0028754,TREATS,C0022245
C0020538,TREATS,C0077857
C0004096,TREATS,C0063076
C0007222,TREATS,C0003765
C0162671,TREATS,C0003765
C0023890,TREATS,C0003765
C0020538,TREATS,C0003765
C0002395,TREATS,C0003765
C0018802,TREATS,C0003765
C0004096,TREATS,C0003765
C0004238,TREATS,C1120110
C0011849,TREATS,C1120110
C0007222,TREATS,C1120110
C0018802,TREATS,C1120110
C0948089,TREATS,C1120110
C0027051,TREATS,C1120110
C0020179,TREATS,C2604598
C0028754,TREATS,C4535714
C0007222,TREATS,C0032613
C0011849,TREATS,C3886792
C0007222,TREATS,C0644519
C0011849,TREATS,C0021665
C0011849,TREATS,C0904505
C0023895,TREATS,C0292818
C0020538,TREATS,C0292818
C0030567,TREATS,C1100626
C0007222,TREATS,C0075007
C0007222,TREATS,C0068955
C0004096,TREATS,C0025677
C0027051,TREATS,C0025677
C0026896,TREATS,C0025677
C0007222,TREATS,C0025677
C0004238,TREATS,C1744040
C0030567,TREATS,C0025242
C0002395,TREATS,C0025242
C0028754,TREATS,C0025242
C0020179,TREATS,C0025242
C0002395,TREATS,C4508906
C0030567,TREATS,C4519255
C0026848,TREATS,C4519255
C0020538,TREATS,C0064079
C0007222,TREATS,C0064079
C0020179,TREATS,C0040180
C0028754,TREATS,C0048044
C0011849,TREATS,C1566537
C0007222,TREATS,C0040373
C0007222,TREATS,C0083536
C0004096,TREATS,C0083536
C0002395,TREATS,C0028027
C0524851,TREATS,C0028027
C0023895,TREATS,C0030032
C0023895,TREATS,C4255635
C0004096,TREATS,C2934026
C0007222,TREATS,C0063340
C0007222,TREATS,C2604745
C0004238,TREATS,C0012702
C0002395,TREATS,C4519175
C0007222,TREATS,C0016986
C0020538,TREATS,C0103306
C0028754,TREATS,C0103306
C1145670,TREATS,C0103306
C1145670,TREATS,C0022614
C1145670,TREATS,C0079883
C1145670,TREATS,C0701928
C0018790,TREATS,C0022614
C0018790,TREATS,C0079883
C0018790,TREATS,C0701928
C0018802,TREATS,C0028128
C1145670,TREATS,C0028128
C0018790,TREATS,C0028128
C0011849,TREATS,C4519142
C0027051,TREATS,C0033497
C0020615,TREATS,C0033497
C0023890,TREATS,C0033497
C0028754,TREATS,C0033497
C0020541,TREATS,C0033497
C0004096,TREATS,C0033497
C0007222,TREATS,C0033497
C1145670,TREATS,C0074414
C0028754,TREATS,C0074414
C0018799,TREATS,C0074414
C0028754,TREATS,C0066677
C0028754,TREATS,C1701455
C0028754,TREATS,C0874161
C0002395,TREATS,C0026088
C0011849,TREATS,C0026088
C0007222,TREATS,C0039763
C0023890,TREATS,C0796545
C0027765,TREATS,C0032143
C0027051,TREATS,C0032143
C0018802,TREATS,C0032143
C0002395,TREATS,C0085272
C0020538,TREATS,C0085272
C0028754,TREATS,C0085272
C0020615,TREATS,C0030304
C0020615,TREATS,C0770343
C0020615,TREATS,C2722896
C0020615,TREATS,C4721558
C0028754,TREATS,C0009008
C0023895,TREATS,C0673470
C0004096,TREATS,C3852694
C0494475,TREATS,C0657912
C0011849,TREATS,C0657912
C0442874,TREATS,C0657912
C0004096,TREATS,C3179547
C0004096,TREATS,C3814772
C0004096,TREATS,C4255853
C0007222,TREATS,C0040209
C0023895,TREATS,C0012306
C0023895,TREATS,C1512536
C0023895,TREATS,C3501648
C0023895,TREATS,C4764403
C0002395,TREATS,C0036442
C0002395,TREATS,C0036444
C0002395,TREATS,C5139823
C0007222,TREATS,C0076891
C0027051,TREATS,C0076891
C0007222,TREATS,C0002697
C0028754,TREATS,C3501337
C0023890,TREATS,C0033487
C0028754,TREATS,C0033487
C0020538,TREATS,C0033487
C0018799,TREATS,C0033487
C0002395,TREATS,C0022265
C0023895,TREATS,C1097497
C0948089,TREATS,C1097497
C0028754,TREATS,C0016967
C0023895,TREATS,C3886731
C0002395,TREATS,C0024002
C0020179,TREATS,C0085217
C0020179,TREATS,C0700189
C0030567,TREATS,C0085217
C0030567,TREATS,C0700189
C0002395,TREATS,C0085217
C0002395,TREATS,C0700189
C0752120,TREATS,C0085217
C0752120,TREATS,C0700189
C0002395,TREATS,C4305843
C0002395,TREATS,C0062961
C0007222,TREATS,C0002027
C0007222,TREATS,C0002334
C0018802,TREATS,C0006938
C0018802,TREATS,C4255725
C0018799,TREATS,C0006938
C0018799,TREATS,C4255725
C0027051,TREATS,C0006938
C0027051,TREATS,C4255725
C0007222,TREATS,C0006938
C0007222,TREATS,C4255725
C0002395,TREATS,C0037508
C0004096,TREATS,C0021246
C0002395,TREATS,C0021246
C0007222,TREATS,C0021246
C0002395,TREATS,C0016410
C0002395,TREATS,C0178638
C0002395,TREATS,C0699376
C0027051,TREATS,C0016410
C0027051,TREATS,C0178638
C0027051,TREATS,C0699376
C0020538,TREATS,C0016410
C0020538,TREATS,C0178638
C0020538,TREATS,C0699376
C0018799,TREATS,C0016410
C0018799,TREATS,C0178638
C0018799,TREATS,C0699376
C0002395,TREATS,C0042845
C0027051,TREATS,C0042845
C0002395,TREATS,C0020740
C0020538,TREATS,C0020740
C0007222,TREATS,C0020740
C0023895,TREATS,C2931926
C0018799,TREATS,C1620287
C0027051,TREATS,C1620287
C0004096,TREATS,C1620287
C0004238,TREATS,C1620287
C0026850,TREATS,C4283710
C1145670,TREATS,C0008864
C0004096,TREATS,C0008864
C0020538,TREATS,C0008864
C0162671,TREATS,C0008864
C0002395,TREATS,C2699087
C0017205,TREATS,C3273401
C0018790,TREATS,C1705480
C0018799,TREATS,C1705480
C0030567,TREATS,C0013030
C0027051,TREATS,C0013030
C0018802,TREATS,C0013030
C0007222,TREATS,C0013030
C0011849,TREATS,C0013030
C0007222,TREATS,C0050558
C0004096,TREATS,C0006982
C0004096,TREATS,C1881339
C0020538,TREATS,C0006982
C0020538,TREATS,C1881339
C0011849,TREATS,C4079805
C0030567,TREATS,C4547164
C0023895,TREATS,C3886769
C0023890,TREATS,C0069456
C0007222,TREATS,C0010581
C0007222,TREATS,C0014758
C0023895,TREATS,C4309514
C0023895,TREATS,C4076895
C0004096,TREATS,C0287939
C0007222,TREATS,C0287939
C0002395,TREATS,C3885550
C0524851,TREATS,C3885550
C0085584,TREATS,C0008269
C0004238,TREATS,C0008269
C0007222,TREATS,C0055729
C0028754,TREATS,C0165921
C0007222,TREATS,C0003009
C0007222,TREATS,C0003018
C0007222,TREATS,C0051871
C0007222,TREATS,C0772301
C0007222,TREATS,C0947663
C0020538,TREATS,C0003009
C0020538,TREATS,C0003018
C0020538,TREATS,C0051871
C0020538,TREATS,C0772301
C0020538,TREATS,C0947663
C0023895,TREATS,C3899947
C0027051,TREATS,C0035527
C0027051,TREATS,C4550958
C0001125,TREATS,C0035527
C0001125,TREATS,C4550958
C0028754,TREATS,C0017718
C0002395,TREATS,C0765273
C0002395,TREATS,C3492319
C0007222,TREATS,C0007299
C0442874,TREATS,C0023413
C0442874,TREATS,C0907855
C0442874,TREATS,C4048232
C0020179,TREATS,C0006865
C0030567,TREATS,C0006865
C0023895,TREATS,C0556150
C0023895,TREATS,C2348308
C0028754,TREATS,C0556150
C0028754,TREATS,C2348308
C0007222,TREATS,C0556150
C0007222,TREATS,C2348308
C0030567,TREATS,C0556150
C0030567,TREATS,C2348308
C0018799,TREATS,C0556150
C0018799,TREATS,C2348308
C0002395,TREATS,C0556150
C0002395,TREATS,C2348308
C0004096,TREATS,C0556150
C0004096,TREATS,C2348308
C0023895,TREATS,C3179470
C0002395,TREATS,C0039865
C0002395,TREATS,C2350040
C0020538,TREATS,C1433015
C0028754,TREATS,C0054015
C0028754,TREATS,C1177218
C0020538,TREATS,C0054015
C0020538,TREATS,C1177218
C0007222,TREATS,C0054015
C0007222,TREATS,C1177218
C0878544,TREATS,C0054015
C0878544,TREATS,C1177218
C0011849,TREATS,C0054015
C0011849,TREATS,C1177218
C0948089,TREATS,C0054015
C0948089,TREATS,C1177218
C0027051,TREATS,C0054015
C0027051,TREATS,C1177218
C0002395,TREATS,C1142931
C0023895,TREATS,C4045520
C0028754,TREATS,C4519087
C0002395,TREATS,C0016277
C0002395,TREATS,C0699601
C0002395,TREATS,C4082694
C0004096,TREATS,C0003420
C0023895,TREATS,C4045466
C0007222,TREATS,C0055740
C0020538,TREATS,C0079083
C0442874,TREATS,C0079083
C0007222,TREATS,C0028066
C0020615,TREATS,C0025853
C0007194,TREATS,C0012373
C0007222,TREATS,C0012373
C0018802,TREATS,C0002598
C0027051,TREATS,C0002598
C0018790,TREATS,C0002598
C0004238,TREATS,C0002598
C0878544,TREATS,C0002598
C0023890,TREATS,C0391001
C0011849,TREATS,C0244977
C0011849,TREATS,C5139741
C0030567,TREATS,C0027235
C0030567,TREATS,C0700580
C0030567,TREATS,C3848550
C0030567,TREATS,C4703917
C0004096,TREATS,C0027235
C0004096,TREATS,C0700580
C0004096,TREATS,C3848550
C0004096,TREATS,C4703917
C0028754,TREATS,C4534677
C0019880,TREATS,C4534677
C0007222,TREATS,C0116190
C0030567,TREATS,C1684399
C0030567,TREATS,C1956796
C0028754,TREATS,C0014942
C0028754,TREATS,C0700903
C0027051,TREATS,C1565750
C0011849,TREATS,C1565750
C0018802,TREATS,C1565750
C0028754,TREATS,C1565750
C0007222,TREATS,C0030040
C0018799,TREATS,C3255108
C0002395,TREATS,C3255108
C0023895,TREATS,C3255108
C0027868,TREATS,C3255108
C1527231,TREATS,C3255108
C0027051,TREATS,C3255108
C0004096,TREATS,C3255108
C0442874,TREATS,C3255108
C0007222,TREATS,C3255108
C0030567,TREATS,C3255108
C0023890,TREATS,C3255108
C0085584,TREATS,C3255108
C0028754,TREATS,C0004609
C0028754,TREATS,C4256145
C0023890,TREATS,C0006681
C0023890,TREATS,C0205687
C0023890,TREATS,C1165560
C0004238,TREATS,C0006681
C0004238,TREATS,C0205687
C0004238,TREATS,C1165560
C0028754,TREATS,C0006681
C0028754,TREATS,C0205687
C0028754,TREATS,C1165560
C0004096,TREATS,C4519259
C0002395,TREATS,C4519241
C0948089,TREATS,C0384233
C0004096,TREATS,C0393080
C0026896,TREATS,C1619966
C0020538,TREATS,C1619966
C0020538,TREATS,C0290883
C0023890,TREATS,C0021741
C0023890,TREATS,C1579322
C0007222,TREATS,C2604635
C0028754,TREATS,C0258258
C0028754,TREATS,C0258259
C0002395,TREATS,C0258258
C0002395,TREATS,C0258259
C0007194,TREATS,C4519116
C0002395,TREATS,C1138235
C0878544,TREATS,C0014025
C0007222,TREATS,C0014025
C0018799,TREATS,C0014025
C0004096,TREATS,C0772501
C0023895,TREATS,C4279622
C0030567,TREATS,C0994515
C0948089,TREATS,C3272850
C0011849,TREATS,C4279587
C0002395,TREATS,C3852189
C0030567,TREATS,C5139670
C0027051,TREATS,C0054836
C0004238,TREATS,C0054836
C0020541,TREATS,C0054836
C0007222,TREATS,C0054836
C0020615,TREATS,C0054836
C0028754,TREATS,C0167117
C0011849,TREATS,C0167117
C0027051,TREATS,C0167117
C0030567,TREATS,C0167117
C0027051,TREATS,C1577331
C0878544,TREATS,C2745274
C0007222,TREATS,C0030812
C0007222,TREATS,C0014963
C0007222,TREATS,C0178626
C0023890,TREATS,C0014963
C0023890,TREATS,C0178626
C0018802,TREATS,C0014963
C0018802,TREATS,C0178626
C0007222,TREATS,C0058702
C0002395,TREATS,C0165264
C0007222,TREATS,C0056471
C0007222,TREATS,C0043031
C0007222,TREATS,C4292380
C0027051,TREATS,C0043031
C0027051,TREATS,C4292380
C0028754,TREATS,C0043031
C0028754,TREATS,C4292380
C0023890,TREATS,C0043031
C0023890,TREATS,C4292380
C0018799,TREATS,C0043031
C0018799,TREATS,C4292380
C0030567,TREATS,C0043031
C0030567,TREATS,C4292380
C0011849,TREATS,C0043031
C0011849,TREATS,C4292380
C0002395,TREATS,C0043031
C0002395,TREATS,C4292380
C0004096,TREATS,C1122087
C0004096,TREATS,C4530556
C0004096,TREATS,C4535390
C0004096,TREATS,C4740830
C0004096,TREATS,C5195654
C0023895,TREATS,C3492258
C0023890,TREATS,C0035525
C0007222,TREATS,C0072168
C0007222,TREATS,C3652600
C0011168,TREATS,C0071112
C0011168,TREATS,C1709546
C0030567,TREATS,C1721912
C0023895,TREATS,C1143018
C0028754,TREATS,C1143018
C0020179,TREATS,C0073393
C0002395,TREATS,C0073393
C0007222,TREATS,C0006809
C0007222,TREATS,C0772258
C0007222,TREATS,C1101425
C0007222,TREATS,C2948081
C0007222,TREATS,C0055723
C0007222,TREATS,C0886706
C0004096,TREATS,C4519137
C0023895,TREATS,C4519137
C0002395,TREATS,C0666154
C0023895,TREATS,C2713006
C0007222,TREATS,C0031862
C0007222,TREATS,C0042878
C0028754,TREATS,C0014479
C0004096,TREATS,C0014479
C0007222,TREATS,C0014479
C0027051,TREATS,C0053396
C0004096,TREATS,C0053881
C0007222,TREATS,C1142933
C0020538,TREATS,C1176329
C0004096,TREATS,C1176329
C0030567,TREATS,C0007561
C0030567,TREATS,C0035750
C0027051,TREATS,C0248719
C0018799,TREATS,C0248719
C0007222,TREATS,C0248719
C0011849,TREATS,C0248719
C0002395,TREATS,C0248719
C0007222,TREATS,C0002502
C0018802,TREATS,C0002502
C0020615,TREATS,C0004259
C0030567,TREATS,C0004259
C0018790,TREATS,C0004259
C0002395,TREATS,C0762662
C0025517,TREATS,C0076693
C0017205,TREATS,C0387457
C0017205,TREATS,C2827075
C0020538,TREATS,C0039286
C0020538,TREATS,C4255970
C0023895,TREATS,C1742789
C0018799,TREATS,C1742789
C0002395,TREATS,C1742789
C0023895,TREATS,C0070694
C0023895,TREATS,C4764037
C0023895,TREATS,C4764355
C0023895,TREATS,C0016778
C0020538,TREATS,C2717561
C0442874,TREATS,C0015020
C0442874,TREATS,C3537278
C0002395,TREATS,C3848531
C0878544,TREATS,C0086444
C0030567,TREATS,C0527316
C0004096,TREATS,C0024056
C0007222,TREATS,C0002335
C0002395,TREATS,C4550357
C0011849,TREATS,C0006359
C0030567,TREATS,C0006863
C0020179,TREATS,C0006863
C0020538,TREATS,C0006863
C0442874,TREATS,C0006863
C0007222,TREATS,C2713495
C0282528,TREATS,C0055568
C0023895,TREATS,C0055568
C0030567,TREATS,C0013015
C0030567,TREATS,C0031007
C0007222,TREATS,C0028735
C0002395,TREATS,C0034272
C0002395,TREATS,C0087162
C0027051,TREATS,C0034272
C0027051,TREATS,C0087162
C0004238,TREATS,C2975435
C0027051,TREATS,C2975435
C0018799,TREATS,C2975435
C0023895,TREATS,C0085231
C0002395,TREATS,C1721449
C0004096,TREATS,C4519252
C0020538,TREATS,C0010192
C0004096,TREATS,C0017054
C0004096,TREATS,C3162927
C0018802,TREATS,C0038636
C0002395,TREATS,C2346801
C0020538,TREATS,C0537270
C0020538,TREATS,C1815806
C0023895,TREATS,C1098261
C0026896,TREATS,C0393022
C0026896,TREATS,C4741328
C0026896,TREATS,C5195655
C0026848,TREATS,C0393022
C0026848,TREATS,C4741328
C0026848,TREATS,C5195655
C0442874,TREATS,C0393022
C0442874,TREATS,C4741328
C0442874,TREATS,C5195655
C0030567,TREATS,C0393022
C0030567,TREATS,C4741328
C0030567,TREATS,C5195655
C0026896,TREATS,C4519594
C0020179,TREATS,C4519140
C0002395,TREATS,C0010347
C0002395,TREATS,C0086073
C0018802,TREATS,C1172198
C0002395,TREATS,C0063327
C0030567,TREATS,C0037537
C0020538,TREATS,C0006674
C0020179,TREATS,C0042105
C0020179,TREATS,C0178882
C0011849,TREATS,C0042105
C0011849,TREATS,C0178882
C0030567,TREATS,C0042105
C0030567,TREATS,C0178882
C0023890,TREATS,C0042105
C0023890,TREATS,C0178882
C0018802,TREATS,C0042105
C0018802,TREATS,C0178882
C0028754,TREATS,C0042105
C0028754,TREATS,C0178882
C0023895,TREATS,C0042105
C0023895,TREATS,C0178882
C0023890,TREATS,C0040869
C0023890,TREATS,C4256092
C0007222,TREATS,C0040869
C0007222,TREATS,C4256092
C0023895,TREATS,C4519232
C0023895,TREATS,C2825264
C0028754,TREATS,C0085174
C0026896,TREATS,C0007257
C0026896,TREATS,C1516302
C0023890,TREATS,C0074554
C0948089,TREATS,C0074554
C0020541,TREATS,C0074554
C0030567,TREATS,C0074554
C0027051,TREATS,C0074554
C0004096,TREATS,C0074554
C0004238,TREATS,C0074554
C0007222,TREATS,C0074554
C0020538,TREATS,C0074554
C0002395,TREATS,C0074554
C0011849,TREATS,C0074554
C0030567,TREATS,C0016293
C0007194,TREATS,C0041037
C0007222,TREATS,C0041037
C0268251,TREATS,C3272698
C1961835,TREATS,C3272698
C0007222,TREATS,C0030899
C0085584,TREATS,C0030899
C0948089,TREATS,C0030899
C0023890,TREATS,C0030899
C0002395,TREATS,C4549874
C0011849,TREATS,C1570906
C0007222,TREATS,C0077410
C0001125,TREATS,C0164662
C0020538,TREATS,C0068711
C0442874,TREATS,C0068711
C0023895,TREATS,C0057258
C0026850,TREATS,C0057258
C0018799,TREATS,C0168273
C0948089,TREATS,C0168273
C0027051,TREATS,C0168273
C0007222,TREATS,C0168273
C0026896,TREATS,C0010711
C0007222,TREATS,C0000378
C0023890,TREATS,C1831808
C0948089,TREATS,C1831808
C0004238,TREATS,C1831808
C0023895,TREATS,C0247194
C0023895,TREATS,C3661040
C0004096,TREATS,C0524770
C0004096,TREATS,C0600370
C0002395,TREATS,C4550356
C0020538,TREATS,C0175158
C0020538,TREATS,C4255756
C0020538,TREATS,C4255757
C0020538,TREATS,C4255758
C0004096,TREATS,C0010648
C0023895,TREATS,C4505882
C0028754,TREATS,C0041249
C0023895,TREATS,C3496793
C0004096,TREATS,C0023570
C0019202,TREATS,C0149368
C0019202,TREATS,C0770983
C0011849,TREATS,C3502471
C0023895,TREATS,C3502471
C0020538,TREATS,C1143138
C0023895,TREATS,C5139811
C0023895,TREATS,C5139959
C0007222,TREATS,C0378675
C0020538,TREATS,C0378675
C0028754,TREATS,C1659046
C0002395,TREATS,C1137227
C0002395,TREATS,C4730989
C0002395,TREATS,C4731451
C0030567,TREATS,C1137227
C0030567,TREATS,C4730989
C0030567,TREATS,C4731451
C0948089,TREATS,C0892779
C0002395,TREATS,C0060657
C0004096,TREATS,C0060657
C0004096,TREATS,C0002333
C0027051,TREATS,C0052796
C1145670,TREATS,C0052796
C0028754,TREATS,C0052796
C0004096,TREATS,C0052796
C0028754,TREATS,C0016365
C0025521,TREATS,C1142985
C0020538,TREATS,C1142985
C0027051,TREATS,C1142985
C0007222,TREATS,C1142985
C0011849,TREATS,C1142985
C0007222,TREATS,C0040899
C0004238,TREATS,C0079856
C0004238,TREATS,C0591466
C0007222,TREATS,C0011824
C0027051,TREATS,C0011824
C0030567,TREATS,C2825323
C0007222,TREATS,C0031937
C0030567,TREATS,C0001047
C1961835,TREATS,C0001047
C1527231,TREATS,C0001047
C0007194,TREATS,C0001047
C0027868,TREATS,C0001047
C0019880,TREATS,C0001047
C0004238,TREATS,C0001047
C0027051,TREATS,C0001047
C0026848,TREATS,C0001047
C0002395,TREATS,C0001047
C0007222,TREATS,C0000946
C0018799,TREATS,C0000946
C0023895,TREATS,C2825616
C0020538,TREATS,C0041040
C0004238,TREATS,C0216784
C0948089,TREATS,C0216784
C0007194,TREATS,C0216784
C0018802,TREATS,C0216784
C0027051,TREATS,C0216784
C0011849,TREATS,C0216784
C0007222,TREATS,C0216784
C0085584,TREATS,C0937950
C0027051,TREATS,C0937950
C0004238,TREATS,C1999375
C0007222,TREATS,C1999375
C0030567,TREATS,C0078839
C0028754,TREATS,C0078839
C0028754,TREATS,C1958588
C0020179,TREATS,C4078701
C0023895,TREATS,C0020264
C0011849,TREATS,C0015772
C0007222,TREATS,C0015772
C0002395,TREATS,C0027396
C0002395,TREATS,C4255899
C0007222,TREATS,C0006882
C0007222,TREATS,C0008593
C0011849,TREATS,C0532578
C0018790,TREATS,C0039771
C0018790,TREATS,C0304441
C1145670,TREATS,C0039771
C1145670,TREATS,C0304441
C0030567,TREATS,C0076823
C0002395,TREATS,C0076823
C0007222,TREATS,C0055775
C0023895,TREATS,C1138226
C0004096,TREATS,C0024027
C0018799,TREATS,C0024027
C0025517,TREATS,C0024027
C0030567,TREATS,C0024027
C0004096,TREATS,C0023749
C0028754,TREATS,C0023749
C0007222,TREATS,C0025380
C0002395,TREATS,C1455147
C0002395,TREATS,C2699562
C0085584,TREATS,C1455147
C0085584,TREATS,C2699562
C0002395,TREATS,C0028978
C0011849,TREATS,C0028978
C0007222,TREATS,C0072857
C0011849,TREATS,C0072857
C0087012,TREATS,C0056077
C0007222,TREATS,C0056077
C0030567,TREATS,C0056077
C0018790,TREATS,C0056077
C0020179,TREATS,C0056077
C0028754,TREATS,C5139730
C0154246,TREATS,C0170531
C0154246,TREATS,C0281398
C0024776,TREATS,C0170531
C0024776,TREATS,C0281398
C0020179,TREATS,C0170531
C0020179,TREATS,C0281398
C0004238,TREATS,C1098320
C0020538,TREATS,C1098320
C0007222,TREATS,C0066685
C0011849,TREATS,C0906166
C0085584,TREATS,C0061851
C0018799,TREATS,C0008273
C0007222,TREATS,C0008273
C0023895,TREATS,C3853921
C0268250,TREATS,C0025815
C0011168,TREATS,C0025815
C0018799,TREATS,C0025815
C0026896,TREATS,C0025815
C0026848,TREATS,C0025815
C0017205,TREATS,C0025815
C0018790,TREATS,C0025815
C0030567,TREATS,C0025815
C0007222,TREATS,C0043047
C0007222,TREATS,C0359299
C0007222,TREATS,C0991883
C0002395,TREATS,C0036579
C0007222,TREATS,C0040233
C0007222,TREATS,C2983887
C0020541,TREATS,C0040233
C0020541,TREATS,C2983887
C0018802,TREATS,C0538727
C0011849,TREATS,C0107994
C0030567,TREATS,C0107994
C0028754,TREATS,C0107994
C0001125,TREATS,C0663655
C0027051,TREATS,C0076840
C0007222,TREATS,C0076840
C0020538,TREATS,C0076840
C0026896,TREATS,C0015133
C0002395,TREATS,C0040815
C0002395,TREATS,C4519912
C0268579,TREATS,C0067889
C0268579,TREATS,C1318649
C0025521,TREATS,C0067889
C0025521,TREATS,C1318649
C0023895,TREATS,C0006644
C0023895,TREATS,C1170114
C0030567,TREATS,C0006644
C0030567,TREATS,C1170114
C0028754,TREATS,C0006644
C0028754,TREATS,C1170114
C0004238,TREATS,C0006644
C0004238,TREATS,C1170114
C0085584,TREATS,C0006644
C0085584,TREATS,C1170114
C0002395,TREATS,C0006644
C0002395,TREATS,C1170114
C0004096,TREATS,C2351398
C0004096,TREATS,C2351399
C0002395,TREATS,C2351398
C0002395,TREATS,C2351399
C0028754,TREATS,C0073992
C0004096,TREATS,C0073992
C0007222,TREATS,C0062068
C0002395,TREATS,C4279873
C0023895,TREATS,C4279873
C0027051,TREATS,C0014822
C0027051,TREATS,C0357126
C0027051,TREATS,C0357131
C0027051,TREATS,C0376541
C0027051,TREATS,C1872824
C0027051,TREATS,C1997870
C0027051,TREATS,C2746991
C0027051,TREATS,C4256161
C0027051,TREATS,C4256162
C0027051,TREATS,C4256163
C0027051,TREATS,C4694938
C0018790,TREATS,C0014822
C0018790,TREATS,C0357126
C0018790,TREATS,C0357131
C0018790,TREATS,C0376541
C0018790,TREATS,C1872824
C0018790,TREATS,C1997870
C0018790,TREATS,C2746991
C0018790,TREATS,C4256161
C0018790,TREATS,C4256162
C0018790,TREATS,C4256163
C0018790,TREATS,C4694938
C0442874,TREATS,C0014822
C0442874,TREATS,C0357126
C0442874,TREATS,C0357131
C0442874,TREATS,C0376541
C0442874,TREATS,C1872824
C0442874,TREATS,C1997870
C0442874,TREATS,C2746991
C0442874,TREATS,C4256161
C0442874,TREATS,C4256162
C0442874,TREATS,C4256163
C0442874,TREATS,C4694938
C0019202,TREATS,C0076339
C0019202,TREATS,C0145663
C0019202,TREATS,C4519665
C0020179,TREATS,C3659218
C0023895,TREATS,C3659218
C0030567,TREATS,C3659218
C0011849,TREATS,C0033308
C0011849,TREATS,C1451497
C0011849,TREATS,C1515388
C0011849,TREATS,C4256086
C0011849,TREATS,C4256087
C0002395,TREATS,C0033308
C0002395,TREATS,C1451497
C0002395,TREATS,C1515388
C0002395,TREATS,C4256086
C0002395,TREATS,C4256087
C0020538,TREATS,C0033308
C0020538,TREATS,C1451497
C0020538,TREATS,C1515388
C0020538,TREATS,C4256086
C0020538,TREATS,C4256087
C0023895,TREATS,C3181682
C0018799,TREATS,C0073631
C0011168,TREATS,C0073631
C0004096,TREATS,C1699926
C0018802,TREATS,C0025854
C0007222,TREATS,C0025854
C0023890,TREATS,C0029277
C0023890,TREATS,C0887117
C0268579,TREATS,C0029277
C0268579,TREATS,C0887117
C0085584,TREATS,C0029277
C0085584,TREATS,C0887117
C0023895,TREATS,C2987430
C0023895,TREATS,C4518884
C0002395,TREATS,C3659396
C0002395,TREATS,C4519196
C0011849,TREATS,C0081876
C0948089,TREATS,C0081876
C0018802,TREATS,C0081876
C0004096,TREATS,C2934193
C0023895,TREATS,C2934193
C0002395,TREATS,C2828242
C0007222,TREATS,C0028008
C0023895,TREATS,C0010654
C0020179,TREATS,C4477198
C0002395,TREATS,C4477198
C0017205,TREATS,C2919267
C0011849,TREATS,C4278519
C0948089,TREATS,C5139814
C0023895,TREATS,C0535459
C0023895,TREATS,C3852659
C0011849,TREATS,C0025152
C0007222,TREATS,C0063433
C0007222,TREATS,C0012258
C0007222,TREATS,C0019471
C0030567,TREATS,C0000503
C0030567,TREATS,C0673093
C0004096,TREATS,C2699757
C0002395,TREATS,C4519226
C0030567,TREATS,C0304432
C0023895,TREATS,C1100924
C0007222,TREATS,C0005116
C0007222,TREATS,C0206026
C0027051,TREATS,C0636067
C0027051,TREATS,C0961485
C0004238,TREATS,C0636067
C0004238,TREATS,C0961485
C0878544,TREATS,C0636067
C0878544,TREATS,C0961485
C0007222,TREATS,C0636067
C0007222,TREATS,C0961485
C0018802,TREATS,C0636067
C0018802,TREATS,C0961485
C0026896,TREATS,C2930696
C0007222,TREATS,C0060180
C0007222,TREATS,C0282085
C0007222,TREATS,C1703665
C0011849,TREATS,C0286651
C0004238,TREATS,C0286651
C0007194,TREATS,C0286651
C0020538,TREATS,C0286651
C0023890,TREATS,C0286651
C0948089,TREATS,C0286651
C0018802,TREATS,C0286651
C0027051,TREATS,C0286651
C0004096,TREATS,C0286651
C0002395,TREATS,C0286651
C0085584,TREATS,C0076080
C0002395,TREATS,C0123677
C0002395,TREATS,C1170011
C0020538,TREATS,C0123677
C0020538,TREATS,C1170011
C1145670,TREATS,C0066005
C1145670,TREATS,C1881787
C0085584,TREATS,C0022957
C0023890,TREATS,C0022957
C0002395,TREATS,C3273100
C0028754,TREATS,C0030095
C0027051,TREATS,C0030095
C0004096,TREATS,C0004906
C0085584,TREATS,C0073374
C0085584,TREATS,C4255714
C0085584,TREATS,C4255715
C0030567,TREATS,C0073374
C0030567,TREATS,C4255714
C0030567,TREATS,C4255715
C0002395,TREATS,C0073374
C0002395,TREATS,C4255714
C0002395,TREATS,C4255715
C0023890,TREATS,C0073374
C0023890,TREATS,C4255714
C0023890,TREATS,C4255715
C0007222,TREATS,C1176308
C0023890,TREATS,C1176308
C0018802,TREATS,C1176308
C0007222,TREATS,C0071304
C0030567,TREATS,C0071304
C0948089,TREATS,C2348075
C0004096,TREATS,C0061078
C0018790,TREATS,C0028214
C0011849,TREATS,C0028214
C0004096,TREATS,C0028214
C0442874,TREATS,C0011816
C0030567,TREATS,C0011816
C0002395,TREATS,C0011816
C0028754,TREATS,C0011812
C0030567,TREATS,C0008845
C0030567,TREATS,C4082527
C0948089,TREATS,C0008845
C0948089,TREATS,C4082527
C0028754,TREATS,C0965618
C0027765,TREATS,C0965618
C0030567,TREATS,C0078569
C0002395,TREATS,C0078569
C0020538,TREATS,C2606556
C0011849,TREATS,C1721335
C0004096,TREATS,C0296800
C0004096,TREATS,C0379247
C0023895,TREATS,C3467876
C0002395,TREATS,C0050559
C0020538,TREATS,C0015131
C1145670,TREATS,C0015131
C0023895,TREATS,C1876229
C0023895,TREATS,C0016157
C0028754,TREATS,C0538927
C0019202,TREATS,C0538927
C0002395,TREATS,C0538927
C0020538,TREATS,C0538927
C0018799,TREATS,C0085149
C0018799,TREATS,C0771204
C0004096,TREATS,C0085149
C0004096,TREATS,C0771204
C0011849,TREATS,C0085149
C0011849,TREATS,C0771204
C0026896,TREATS,C0085149
C0026896,TREATS,C0771204
C0023895,TREATS,C0085149
C0023895,TREATS,C0771204
C0023895,TREATS,C4519167
C0004238,TREATS,C2718773
C0020615,TREATS,C2718773
C0023895,TREATS,C0115471
C0878544,TREATS,C0244713
C0878544,TREATS,C0244714
C0004096,TREATS,C4519212
C0030567,TREATS,C0066677
C0002395,TREATS,C0066677
C0011168,TREATS,C0066677
C0023895,TREATS,C4519730
C0004238,TREATS,C2698385
C0023895,TREATS,C2698385
C0004096,TREATS,C3530114
C0028754,TREATS,C0028833
C0030567,TREATS,C0070122
C0027051,TREATS,C0070122
C0028754,TREATS,C0027358
C0030567,TREATS,C0027358
C0020538,TREATS,C0376637
C0020538,TREATS,C2697674
C0002395,TREATS,C2697983
C0030567,TREATS,C0015042
C0007222,TREATS,C0058978
C0007222,TREATS,C1565135
C0002395,TREATS,C0058978
C0002395,TREATS,C1565135
C0018790,TREATS,C0003968
C0018790,TREATS,C0178487
C0018799,TREATS,C0003968
C0018799,TREATS,C0178487
C0004238,TREATS,C0003968
C0004238,TREATS,C0178487
C0004096,TREATS,C0003968
C0004096,TREATS,C0178487
C0020538,TREATS,C0003968
C0020538,TREATS,C0178487
C0011849,TREATS,C0003968
C0011849,TREATS,C0178487
C0027051,TREATS,C0003968
C0027051,TREATS,C0178487
C0020179,TREATS,C0018546
C0002395,TREATS,C0018546
C0007222,TREATS,C0053091
C0011849,TREATS,C0053091
C0023890,TREATS,C0025659
C0028754,TREATS,C0069021
C0948089,TREATS,C0218986
C0002395,TREATS,C0218986
C0007222,TREATS,C1698215
C0007222,TREATS,C3848585
C0023895,TREATS,C4508936
C0011849,TREATS,C0053105
C0011849,TREATS,C0037494
C0007222,TREATS,C0037494
C0027051,TREATS,C0037494
C0011168,TREATS,C0037494
C0004238,TREATS,C0037494
C0002395,TREATS,C0037494
C0018802,TREATS,C0037494
C0030567,TREATS,C0037494
C0018790,TREATS,C0037494
C0018799,TREATS,C0037494
C0028754,TREATS,C0037494
C1145670,TREATS,C0037494
C0020538,TREATS,C0037494
C0020615,TREATS,C0037494
C0004096,TREATS,C0037494
C0023890,TREATS,C0037494
C0026896,TREATS,C0037494
C0020615,TREATS,C0536495
C0030567,TREATS,C0536495
C0020538,TREATS,C0536495
C0004096,TREATS,C0536495
C0031485,TREATS,C0536495
C0002395,TREATS,C0536495
C0011849,TREATS,C0536495
C0948089,TREATS,C0536495
C0018802,TREATS,C0536495
C0011849,TREATS,C0008294
C0018799,TREATS,C0008294
C0007222,TREATS,C0008294
C0027051,TREATS,C0008294
C0018802,TREATS,C0008294
C0030567,TREATS,C5139662
C0028754,TREATS,C0039601
C0028754,TREATS,C1515405
C0007222,TREATS,C0035976
C0007222,TREATS,C2064899
C0007222,TREATS,C0053799
C0023895,TREATS,C5139740
C0002395,TREATS,C5139740
C0018802,TREATS,C1452896
C0027051,TREATS,C1452896
C0023890,TREATS,C0079459
C0023890,TREATS,C0210630
C0023890,TREATS,C3542463
C0023890,TREATS,C3892863
C0023890,TREATS,C4721554
C0023895,TREATS,C0079459
C0023895,TREATS,C0210630
C0023895,TREATS,C3542463
C0023895,TREATS,C3892863
C0023895,TREATS,C4721554
C0027051,TREATS,C0079459
C0027051,TREATS,C0210630
C0027051,TREATS,C3542463
C0027051,TREATS,C3892863
C0027051,TREATS,C4721554
C0026896,TREATS,C0079459
C0026896,TREATS,C0210630
C0026896,TREATS,C3542463
C0026896,TREATS,C3892863
C0026896,TREATS,C4721554
C0030567,TREATS,C0079459
C0030567,TREATS,C0210630
C0030567,TREATS,C3542463
C0030567,TREATS,C3892863
C0030567,TREATS,C4721554
C0026848,TREATS,C0079459
C0026848,TREATS,C0210630
C0026848,TREATS,C3542463
C0026848,TREATS,C3892863
C0026848,TREATS,C4721554
C0002395,TREATS,C0079459
C0002395,TREATS,C0210630
C0002395,TREATS,C3542463
C0002395,TREATS,C3892863
C0002395,TREATS,C4721554
C0002395,TREATS,C0001480
C0027051,TREATS,C0033216
C0004238,TREATS,C0033216
C0026896,TREATS,C0071808
C0023895,TREATS,C3886388
C0030567,TREATS,C3886388
C0011849,TREATS,C2973895
C0948089,TREATS,C2973895
C0030567,TREATS,C2973895
C0154246,TREATS,C0050451
C0268542,TREATS,C0050451
C0020538,TREATS,C4519222
C0028754,TREATS,C1873234
C0002395,TREATS,C1873234
C0030567,TREATS,C1873234
C0018802,TREATS,C0766326
C0011849,TREATS,C0032912
C0027765,TREATS,C0872913
C0026896,TREATS,C0046948
C0023890,TREATS,C0916062
C0023895,TREATS,C2347556
C0442874,TREATS,C2347556
C0026896,TREATS,C0048038
C0007222,TREATS,C0028116
C0268579,TREATS,C0017797
C0442874,TREATS,C0017797
C0011849,TREATS,C0017797
C0442874,TREATS,C0064636
C0028754,TREATS,C0064636
C0018802,TREATS,C0043369
C0011849,TREATS,C0043369
C0007222,TREATS,C0031441
C0002395,TREATS,C1313386
C0027051,TREATS,C1313386
C0007222,TREATS,C0033059
C0023895,TREATS,C3886623
C0948089,TREATS,C0302967
C0018790,TREATS,C0002575
C0018790,TREATS,C1257689
C0011849,TREATS,C0061323
C0020538,TREATS,C0061323
C0002395,TREATS,C3475363
C0002395,TREATS,C2742868
C0007222,TREATS,C4287798
C0007222,TREATS,C1958569
C0007222,TREATS,C2698290
C0007222,TREATS,C2698291
C0020179,TREATS,C1260208
C0004096,TREATS,C0907410
C0011849,TREATS,C0005117
C0004096,TREATS,C0072802
C1145670,TREATS,C0022180
C0018799,TREATS,C0022180
C0023895,TREATS,C1567950
C0028754,TREATS,C0534957
C0007222,TREATS,C0164608
C0007222,TREATS,C0057301
C0030567,TREATS,C0216231
C0002395,TREATS,C0216231
C0026896,TREATS,C0216231
C0007222,TREATS,C0169964
C0011849,TREATS,C0169964
C0028754,TREATS,C0169964
C0023890,TREATS,C0169964
C0023890,TREATS,C4548822
C0023895,TREATS,C3264621
C0007222,TREATS,C0116569
C0020538,TREATS,C0116569
C0023895,TREATS,C0526371
C0007222,TREATS,C0085542
C0027051,TREATS,C0085542
C0020538,TREATS,C0085542
C0011849,TREATS,C0085542
C0004096,TREATS,C0663182
C0011849,TREATS,C0663182
C0027051,TREATS,C0795604
C0002395,TREATS,C0795604
C0011849,TREATS,C0795604
C0020538,TREATS,C0795604
C0007194,TREATS,C0298067
C0023890,TREATS,C0298067
C1961835,TREATS,C1321596
C0028754,TREATS,C0021936
C0007222,TREATS,C0301387
C0023895,TREATS,C0068788
C0085584,TREATS,C0068788
C0020538,TREATS,C4330903
C0023895,TREATS,C4330903
C0020538,TREATS,C4507177
C0030567,TREATS,C0031979
C0030567,TREATS,C0026818
C0085584,TREATS,C0728747
C0085584,TREATS,C4541579
C0085584,TREATS,C4741882
C0085584,TREATS,C4758794
C0085584,TREATS,C4764376
C0085584,TREATS,C5187552
C0025517,TREATS,C0025219
C0004238,TREATS,C0025219
C0030567,TREATS,C0025219
C0011849,TREATS,C0025219
C0020538,TREATS,C0025219
C0030567,TREATS,C0021528
C0004096,TREATS,C2698944
C0011168,TREATS,C2698944
C0020538,TREATS,C2698944
C0028754,TREATS,C3493648
C0004238,TREATS,C0006400
C0023895,TREATS,C0006400
C0002395,TREATS,C0244404
C0007222,TREATS,C0002144
C0011849,TREATS,C0002144
C0020538,TREATS,C0002144
C0018799,TREATS,C0002144
C0018802,TREATS,C0002144
C0028754,TREATS,C0002144
C0023895,TREATS,C4519323
C0002395,TREATS,C0055477
C0007222,TREATS,C0913630
C0020538,TREATS,C0913630
C0030567,TREATS,C0011785
C0011849,TREATS,C0903898
C0023895,TREATS,C2980091
C0020179,TREATS,C0010286
C0030567,TREATS,C0010286
C0002395,TREATS,C3272706
C0023890,TREATS,C0529793
C0020538,TREATS,C0529793
C0018799,TREATS,C0529793
C0011849,TREATS,C0529793
C0030567,TREATS,C0529793
C0085584,TREATS,C0529793
C0018802,TREATS,C0529793
C0020538,TREATS,C1701750
C0023890,TREATS,C1453933
C0004096,TREATS,C3852602
C0007222,TREATS,C0012289
C0026896,TREATS,C0085721
C0026896,TREATS,C0206008
C0028754,TREATS,C0085721
C0028754,TREATS,C0206008
C0026848,TREATS,C0085721
C0026848,TREATS,C0206008
C0025517,TREATS,C0102118
C0025517,TREATS,C0771311
C0004096,TREATS,C0102118
C0004096,TREATS,C0771311
C0004096,TREATS,C1135662
C0007222,TREATS,C1101838
C0004238,TREATS,C0024480
C0004238,TREATS,C1572489
C0027051,TREATS,C0024480
C0027051,TREATS,C1572489
C0004096,TREATS,C0024480
C0004096,TREATS,C1572489
C0020538,TREATS,C0024480
C0020538,TREATS,C1572489
C0011849,TREATS,C0289779
C0007222,TREATS,C0051027
C0007222,TREATS,C0008402
C0027051,TREATS,C0008402
C0028754,TREATS,C0023660
C0018790,TREATS,C0023660
C0020538,TREATS,C0023660
C0442874,TREATS,C0023660
C0018799,TREATS,C0023660
C0011849,TREATS,C0023660
C0019202,TREATS,C0040976
C0007194,TREATS,C0040976
C0028754,TREATS,C0012772
C0007222,TREATS,C0015824
C0007222,TREATS,C0873165
C0004096,TREATS,C0071842
C0002395,TREATS,C3179535
C0023890,TREATS,C0145185
C0007222,TREATS,C0287041
C0002395,TREATS,C0079466
C0011849,TREATS,C0041942
C0011849,TREATS,C1170701
C0268542,TREATS,C0041942
C0268542,TREATS,C1170701
C0020179,TREATS,C0005575
C0020179,TREATS,C0982111
C0002395,TREATS,C3818757
C0002395,TREATS,C4519093
C0018799,TREATS,C0055856
C0018799,TREATS,C0620902
C0030567,TREATS,C0055856
C0030567,TREATS,C0620902
C0004096,TREATS,C0055856
C0004096,TREATS,C0620902
C0002395,TREATS,C0017245
C0007222,TREATS,C0017245
C0011849,TREATS,C0117996
C0004096,TREATS,C0117996
C0007222,TREATS,C0065656
C0020538,TREATS,C0065656
C0018802,TREATS,C0077910
C1145670,TREATS,C0002164
C0011849,TREATS,C1611934
C0011849,TREATS,C2699273
C0018799,TREATS,C0070166
C0018799,TREATS,C4255919
C0004096,TREATS,C0070166
C0004096,TREATS,C4255919
C0007222,TREATS,C0070166
C0007222,TREATS,C4255919
C1145670,TREATS,C0070166
C1145670,TREATS,C4255919
C0027051,TREATS,C0070166
C0027051,TREATS,C4255919
C0030567,TREATS,C0030049
C0027051,TREATS,C0256103
C0004238,TREATS,C0006051
C0004238,TREATS,C2719430
C0004096,TREATS,C0753318
C0002395,TREATS,C0022625
C0002395,TREATS,C4255812
C0004096,TREATS,C0022625
C0004096,TREATS,C4255812
C0023895,TREATS,C0971023
C0023895,TREATS,C2699999
C0030567,TREATS,C1721377
C0087012,TREATS,C1721377
C0020179,TREATS,C1721377
C0002395,TREATS,C1721377
C0023895,TREATS,C3886460
C0023895,TREATS,C4519135
C0020615,TREATS,C3490348
C0027051,TREATS,C3490348
C0020541,TREATS,C3490348
C0011849,TREATS,C3490348
C0011849,TREATS,C0072973
C0007222,TREATS,C0072973
C0018799,TREATS,C0072973
C0025517,TREATS,C0072973
C0004238,TREATS,C0072973
C0027051,TREATS,C0072973
C0018790,TREATS,C0074280
C0018799,TREATS,C0074280
C0028754,TREATS,C0075632
C0030567,TREATS,C0756262
C0268579,TREATS,C0142825
C0268579,TREATS,C0795671
C0268579,TREATS,C0982388
C0018799,TREATS,C0012582
C0020538,TREATS,C0012582
C0028754,TREATS,C0086213
C0007222,TREATS,C0031469
C0028754,TREATS,C0031469
C0020538,TREATS,C0031469
C0023895,TREATS,C2986924
C0030567,TREATS,C0724441
C0020179,TREATS,C0073561
C0027765,TREATS,C0073561
C0007222,TREATS,C0055021
C0007222,TREATS,C0042523
C0011849,TREATS,C0042523
C0028754,TREATS,C0005301
C0004096,TREATS,C0289313
C0011849,TREATS,C0289313
C0018802,TREATS,C0289313
C0025517,TREATS,C0289313
C0002395,TREATS,C0289313
C0020538,TREATS,C0289313
C0023895,TREATS,C4329353
C0028754,TREATS,C1873633
C0020179,TREATS,C0073096
C0020179,TREATS,C1101322
C0020538,TREATS,C0073096
C0020538,TREATS,C1101322
C0002395,TREATS,C0073096
C0002395,TREATS,C1101322
C0030567,TREATS,C0073096
C0030567,TREATS,C1101322
C0007222,TREATS,C0073096
C0007222,TREATS,C1101322
C0011849,TREATS,C1453003
C0002395,TREATS,C0053116
C0023895,TREATS,C1313052
C0002395,TREATS,C4331403
C0019202,TREATS,C0149381
C0030567,TREATS,C0123091
C0007222,TREATS,C0031634
C0030567,TREATS,C0772024
C0030567,TREATS,C0982396
C0030567,TREATS,C0077025
C0018802,TREATS,C0218166
C0002395,TREATS,C0042291
C0002395,TREATS,C0080356
C0020179,TREATS,C0042291
C0020179,TREATS,C0080356
C0002395,TREATS,C2698341
C0948089,TREATS,C2743110
C0948089,TREATS,C4490749
C0026896,TREATS,C3713987
C0028754,TREATS,C0014912
C0002395,TREATS,C0014912
C0023895,TREATS,C0015846
C0028754,TREATS,C0015846
C0011849,TREATS,C0965129
C0007222,TREATS,C0965129
C0020538,TREATS,C0965129
C0018802,TREATS,C0965129
C0948089,TREATS,C0965129
C0025517,TREATS,C0965129
C0004096,TREATS,C0965129
C0030567,TREATS,C0965129
C0028754,TREATS,C0965129
C0018802,TREATS,C4279623
C0023890,TREATS,C0028365
C0085584,TREATS,C0008161
C0030567,TREATS,C4550340
C0020538,TREATS,C0008574
C0020538,TREATS,C4718952
C0023895,TREATS,C0008838
C0004238,TREATS,C0164200
C0002395,TREATS,C2713560
C0002395,TREATS,C3896945
C0011849,TREATS,C0076808
C0011849,TREATS,C0061330
C0007222,TREATS,C0126174
C0007194,TREATS,C0126174
C0007222,TREATS,C0073633
C0004238,TREATS,C0073633
C0948089,TREATS,C0073633
C0011849,TREATS,C2974540
C0011849,TREATS,C2983989
C0028754,TREATS,C2974540
C0028754,TREATS,C2983989
C0002395,TREATS,C3885614
C0018802,TREATS,C0030086
C0004096,TREATS,C4505511
C0004096,TREATS,C4766117
C0011849,TREATS,C1568490
C0011849,TREATS,C1958126
C0030567,TREATS,C0041479
C0002986,TREATS,C4547933
